profile,delay_ms,iter,http_code,time_connect,time_appconnect,time_starttransfer,time_total
X25519,0,1,200,0.000437,0.003102,0.004177,0.004200
X25519,0,2,200,0.000155,0.002563,0.003290,0.003307
X25519,0,3,200,0.000146,0.002538,0.003270,0.003288
X25519,0,4,200,0.000139,0.002495,0.003252,0.003272
X25519,0,5,200,0.000153,0.002557,0.003356,0.003374
X25519,0,6,200,0.000144,0.002829,0.003595,0.003611
X25519,0,7,200,0.000139,0.002524,0.003298,0.003316
X25519,0,8,200,0.000139,0.002435,0.003176,0.003192
X25519,0,9,200,0.000158,0.002462,0.003194,0.003211
X25519,0,10,200,0.000160,0.002518,0.003241,0.003258
X25519,0,11,200,0.000141,0.002469,0.003139,0.003155
X25519,0,12,200,0.000142,0.002553,0.003273,0.003291
X25519,0,13,200,0.000138,0.002448,0.003207,0.003225
X25519,0,14,200,0.000169,0.002487,0.003255,0.003270
X25519,0,15,200,0.000139,0.002482,0.003133,0.003158
X25519,0,16,200,0.000136,0.002461,0.003159,0.003175
X25519,0,17,200,0.000154,0.002453,0.003189,0.003208
X25519,0,18,200,0.000133,0.002529,0.003207,0.003224
X25519,0,19,200,0.000141,0.002469,0.003160,0.003176
X25519,0,20,200,0.000135,0.002479,0.003185,0.003202
X25519,0,21,200,0.000147,0.002394,0.003120,0.003135
X25519,0,22,200,0.000138,0.002425,0.003161,0.003175
X25519,0,23,200,0.000136,0.002484,0.003208,0.003225
X25519,0,24,200,0.000141,0.002482,0.003224,0.003241
X25519,0,25,200,0.000143,0.002484,0.003272,0.003288
X25519,0,26,200,0.000152,0.002495,0.003211,0.003232
X25519,0,27,200,0.000160,0.002477,0.003144,0.003177
X25519,0,28,200,0.000131,0.002391,0.003098,0.003115
X25519,0,29,200,0.000133,0.002453,0.003190,0.003208
X25519,0,30,200,0.000165,0.002496,0.003224,0.003238
X25519,0,31,200,0.000126,0.002540,0.003256,0.003273
X25519,0,32,200,0.000154,0.002537,0.003195,0.003214
X25519,0,33,200,0.000128,0.002450,0.003182,0.003199
X25519,0,34,200,0.000159,0.002564,0.003298,0.003320
X25519,0,35,200,0.000164,0.002537,0.003324,0.003348
X25519,0,36,200,0.000162,0.002483,0.003258,0.003277
X25519,0,37,200,0.000136,0.002570,0.003228,0.003247
X25519,0,38,200,0.000135,0.002564,0.003279,0.003297
X25519,0,39,200,0.000130,0.002520,0.003252,0.003271
X25519,0,40,200,0.000139,0.002410,0.003140,0.003156
X25519,0,41,200,0.000177,0.002547,0.003321,0.003340
X25519,0,42,200,0.000144,0.002480,0.003164,0.003188
X25519,0,43,200,0.000140,0.002898,0.003604,0.003619
X25519,0,44,200,0.000135,0.002340,0.003030,0.003046
X25519,0,45,200,0.000138,0.002275,0.002947,0.002964
X25519,0,46,200,0.000123,0.002193,0.002852,0.002869
X25519,0,47,200,0.000123,0.002191,0.002861,0.002876
X25519,0,48,200,0.000120,0.002106,0.002705,0.002719
X25519,0,49,200,0.000118,0.002158,0.002794,0.002812
X25519,0,50,200,0.000136,0.002093,0.002685,0.002698
X25519,0,51,200,0.000118,0.002051,0.002614,0.002626
X25519,0,52,200,0.000108,0.002037,0.002595,0.002608
X25519,0,53,200,0.000128,0.001935,0.002484,0.002498
X25519,0,54,200,0.000101,0.001932,0.002501,0.002514
X25519,0,55,200,0.000132,0.001938,0.002514,0.002528
X25519,0,56,200,0.000107,0.001877,0.002461,0.002473
X25519,0,57,200,0.000109,0.001929,0.002583,0.002597
X25519,0,58,200,0.000118,0.001924,0.002498,0.002509
X25519,0,59,200,0.000128,0.001939,0.002502,0.002515
X25519,0,60,200,0.000121,0.001964,0.002504,0.002519
X25519,0,61,200,0.000107,0.001857,0.002398,0.002410
X25519,0,62,200,0.000096,0.001817,0.002386,0.002397
X25519,0,63,200,0.000111,0.001942,0.002535,0.002550
X25519,0,64,200,0.000107,0.001914,0.002464,0.002477
X25519,0,65,200,0.000102,0.001979,0.002598,0.002615
X25519,0,66,200,0.000110,0.001946,0.002454,0.002467
X25519,0,67,200,0.000119,0.001933,0.002497,0.002512
X25519,0,68,200,0.000114,0.001901,0.002459,0.002472
X25519,0,69,200,0.000111,0.001921,0.002507,0.002521
X25519,0,70,200,0.000102,0.001952,0.002530,0.002546
X25519,0,71,200,0.000125,0.001884,0.002464,0.002479
X25519,0,72,200,0.000105,0.001959,0.002545,0.002563
X25519,0,73,200,0.000102,0.001879,0.002442,0.002455
X25519,0,74,200,0.000118,0.002027,0.002606,0.002623
X25519,0,75,200,0.000126,0.001946,0.002528,0.002545
X25519,0,76,200,0.000102,0.001894,0.002435,0.002447
X25519,0,77,200,0.000091,0.001842,0.002424,0.002437
X25519,0,78,200,0.000115,0.001935,0.002527,0.002537
X25519,0,79,200,0.000107,0.002198,0.002743,0.002755
X25519,0,80,200,0.000100,0.001927,0.002521,0.002534
X25519,0,81,200,0.000120,0.001975,0.002525,0.002539
X25519,0,82,200,0.000110,0.001903,0.002493,0.002509
X25519,0,83,200,0.000135,0.001887,0.002464,0.002478
X25519,0,84,200,0.000105,0.001922,0.002506,0.002519
X25519,0,85,200,0.000136,0.001928,0.002499,0.002514
X25519,0,86,200,0.000102,0.001885,0.002496,0.002508
X25519,0,87,200,0.000111,0.001853,0.002413,0.002426
X25519,0,88,200,0.000106,0.001911,0.002489,0.002511
X25519,0,89,200,0.000114,0.001849,0.002456,0.002471
X25519,0,90,200,0.000122,0.001985,0.002548,0.002573
X25519,0,91,200,0.000111,0.001882,0.002452,0.002465
X25519,0,92,200,0.000127,0.002118,0.002708,0.002723
X25519,0,93,200,0.000116,0.001908,0.002506,0.002520
X25519,0,94,200,0.000108,0.001932,0.002477,0.002489
X25519,0,95,200,0.000114,0.001942,0.002507,0.002520
X25519,0,96,200,0.000119,0.002000,0.002615,0.002631
X25519,0,97,200,0.000111,0.001851,0.002423,0.002436
X25519,0,98,200,0.000108,0.001939,0.002513,0.002527
X25519,0,99,200,0.000120,0.001928,0.002485,0.002498
X25519,0,100,200,0.000106,0.001879,0.002428,0.002441
X25519,0,101,200,0.000105,0.001911,0.002497,0.002510
X25519,0,102,200,0.000109,0.002090,0.002637,0.002647
X25519,0,103,200,0.000134,0.001935,0.002523,0.002543
X25519,0,104,200,0.000111,0.001918,0.002491,0.002504
X25519,0,105,200,0.000116,0.001929,0.002508,0.002521
X25519,0,106,200,0.000115,0.002006,0.002522,0.002536
X25519,0,107,200,0.000116,0.001899,0.002421,0.002434
X25519,0,108,200,0.000118,0.001908,0.002481,0.002496
X25519,0,109,200,0.000116,0.001979,0.002595,0.002614
X25519,0,110,200,0.000119,0.002068,0.002649,0.002664
X25519,0,111,200,0.000124,0.001947,0.002528,0.002546
X25519,0,112,200,0.000114,0.001945,0.002499,0.002520
X25519,0,113,200,0.000137,0.001881,0.002452,0.002466
X25519,0,114,200,0.000108,0.001936,0.002525,0.002539
X25519,0,115,200,0.000126,0.001872,0.002442,0.002453
X25519,0,116,200,0.000104,0.002223,0.002791,0.002805
X25519,0,117,200,0.000100,0.001875,0.002405,0.002417
X25519,0,118,200,0.000115,0.002025,0.002606,0.002619
X25519,0,119,200,0.000114,0.001970,0.002504,0.002520
X25519,0,120,200,0.000104,0.001904,0.002475,0.002488
X25519,0,121,200,0.000117,0.002004,0.002591,0.002605
X25519,0,122,200,0.000105,0.001894,0.002528,0.002543
X25519,0,123,200,0.000111,0.001946,0.002767,0.002779
X25519,0,124,200,0.000116,0.002167,0.002731,0.002745
X25519,0,125,200,0.000116,0.001970,0.002534,0.002548
X25519,0,126,200,0.000108,0.002016,0.002579,0.002591
X25519,0,127,200,0.000115,0.001887,0.002478,0.002492
X25519,0,128,200,0.000111,0.001949,0.002500,0.002513
X25519,0,129,200,0.000124,0.001926,0.002493,0.002506
X25519,0,130,200,0.000122,0.001990,0.002598,0.002616
X25519,0,131,200,0.000103,0.001905,0.002436,0.002449
X25519,0,132,200,0.000098,0.001872,0.002542,0.002556
X25519,0,133,200,0.000111,0.001964,0.002481,0.002492
X25519,0,134,200,0.000099,0.001902,0.002538,0.002549
X25519,0,135,200,0.000106,0.001933,0.002458,0.002470
X25519,0,136,200,0.000126,0.001891,0.002471,0.002484
X25519,0,137,200,0.000114,0.001948,0.002540,0.002555
X25519,0,138,200,0.000114,0.001903,0.002488,0.002503
X25519,0,139,200,0.000105,0.001916,0.002613,0.002630
X25519,0,140,200,0.000123,0.001881,0.002460,0.002474
X25519,0,141,200,0.000131,0.001928,0.002489,0.002519
X25519,0,142,200,0.000116,0.001863,0.002453,0.002469
X25519,0,143,200,0.000103,0.002388,0.003002,0.003014
X25519,0,144,200,0.000095,0.001943,0.002467,0.002487
X25519,0,145,200,0.000143,0.001943,0.002522,0.002536
X25519,0,146,200,0.000101,0.001935,0.002481,0.002497
X25519,0,147,200,0.000110,0.002019,0.002564,0.002577
X25519,0,148,200,0.000103,0.001918,0.002451,0.002464
X25519,0,149,200,0.000126,0.001983,0.002651,0.002667
X25519,0,150,200,0.000103,0.001892,0.002477,0.002489
X25519,0,151,200,0.000110,0.001915,0.002487,0.002504
X25519,0,152,200,0.000141,0.002237,0.002803,0.002823
X25519,0,153,200,0.000119,0.001988,0.002577,0.002589
X25519,0,154,200,0.000091,0.001859,0.002469,0.002492
X25519,0,155,200,0.000109,0.001949,0.002527,0.002539
X25519,0,156,200,0.000117,0.001930,0.002527,0.002541
X25519,0,157,200,0.000111,0.001998,0.002558,0.002587
X25519,0,158,200,0.000126,0.001873,0.002447,0.002458
X25519,0,159,200,0.000104,0.002007,0.002584,0.002595
X25519,0,160,200,0.000116,0.001860,0.002452,0.002465
X25519,0,161,200,0.000115,0.002049,0.002656,0.002671
X25519,0,162,200,0.000122,0.001874,0.002457,0.002473
X25519,0,163,200,0.000124,0.001945,0.002514,0.002527
X25519,0,164,200,0.000105,0.001900,0.002474,0.002487
X25519,0,165,200,0.000099,0.001864,0.002383,0.002394
X25519,0,166,200,0.000114,0.001939,0.002512,0.002524
X25519,0,167,200,0.000108,0.001886,0.002453,0.002464
X25519,0,168,200,0.000099,0.001901,0.002459,0.002473
X25519,0,169,200,0.000114,0.001862,0.002450,0.002464
X25519,0,170,200,0.000111,0.001927,0.002482,0.002495
X25519,0,171,200,0.000107,0.001919,0.002492,0.002506
X25519,0,172,200,0.000103,0.001859,0.002427,0.002441
X25519,0,173,200,0.000100,0.001913,0.002494,0.002507
X25519,0,174,200,0.000105,0.001837,0.002469,0.002483
X25519,0,175,200,0.000113,0.001910,0.002467,0.002480
X25519,0,176,200,0.000107,0.001920,0.002499,0.002511
X25519,0,177,200,0.000101,0.001934,0.002475,0.002505
X25519,0,178,200,0.000104,0.001886,0.002462,0.002476
X25519,0,179,200,0.000116,0.002012,0.002596,0.002611
X25519,0,180,200,0.000108,0.001907,0.002486,0.002502
X25519,0,181,200,0.000120,0.002009,0.002595,0.002608
X25519,0,182,200,0.000135,0.001869,0.002464,0.002476
X25519,0,183,200,0.000120,0.001992,0.002545,0.002561
X25519,0,184,200,0.000117,0.001861,0.002414,0.002427
X25519,0,185,200,0.000105,0.001984,0.002565,0.002582
X25519,0,186,200,0.000114,0.001861,0.002489,0.002502
X25519,0,187,200,0.000100,0.001929,0.002481,0.002493
X25519,0,188,200,0.000118,0.001898,0.002466,0.002481
X25519,0,189,200,0.000101,0.002209,0.002782,0.002796
X25519,0,190,200,0.000110,0.001933,0.002487,0.002499
X25519,0,191,200,0.000104,0.001904,0.002492,0.002504
X25519,0,192,200,0.000113,0.001908,0.002459,0.002474
X25519,0,193,200,0.000106,0.001956,0.002562,0.002578
X25519,0,194,200,0.000112,0.001873,0.002448,0.002460
X25519,0,195,200,0.000106,0.001877,0.002439,0.002452
X25519,0,196,200,0.000134,0.001878,0.002443,0.002457
X25519,0,197,200,0.000098,0.001943,0.002508,0.002522
X25519,0,198,200,0.000119,0.001888,0.002493,0.002504
X25519,0,199,200,0.000099,0.001955,0.002493,0.002508
X25519,0,200,200,0.000109,0.001942,0.002589,0.002606
X25519,10,1,200,0.000123,0.002153,0.012861,0.012883
X25519,10,2,200,0.000101,0.002053,0.012863,0.012894
X25519,10,3,200,0.000105,0.002030,0.012738,0.012758
X25519,10,4,200,0.000098,0.002084,0.012771,0.012802
X25519,10,5,200,0.000098,0.002041,0.012835,0.012859
X25519,10,6,200,0.000112,0.002029,0.012780,0.012802
X25519,10,7,200,0.000112,0.002257,0.013092,0.013115
X25519,10,8,200,0.000100,0.001927,0.012542,0.012565
X25519,10,9,200,0.000105,0.001860,0.012614,0.012628
X25519,10,10,200,0.000134,0.001920,0.012642,0.012665
X25519,10,11,200,0.000125,0.001933,0.012586,0.012599
X25519,10,12,200,0.000095,0.002211,0.012959,0.012981
X25519,10,13,200,0.000112,0.001883,0.012628,0.012648
X25519,10,14,200,0.000114,0.002045,0.012723,0.012747
X25519,10,15,200,0.000114,0.002161,0.012921,0.012948
X25519,10,16,200,0.000102,0.002095,0.012819,0.012841
X25519,10,17,200,0.000108,0.002118,0.012882,0.012907
X25519,10,18,200,0.000107,0.001907,0.012580,0.012593
X25519,10,19,200,0.000128,0.001883,0.012572,0.012596
X25519,10,20,200,0.000133,0.001876,0.012655,0.012678
X25519,10,21,200,0.000126,0.001872,0.012615,0.012636
X25519,10,22,200,0.000121,0.001878,0.012591,0.012613
X25519,10,23,200,0.000108,0.002553,0.013264,0.013286
X25519,10,24,200,0.000124,0.001898,0.012589,0.012602
X25519,10,25,200,0.000114,0.002161,0.012820,0.012836
X25519,10,26,200,0.000122,0.002166,0.012866,0.012888
X25519,10,27,200,0.000118,0.001880,0.012614,0.012643
X25519,10,28,200,0.000108,0.002303,0.012991,0.013014
X25519,10,29,200,0.000116,0.001867,0.012504,0.012527
X25519,10,30,200,0.000098,0.001847,0.012676,0.012697
X25519,10,31,200,0.000099,0.002256,0.013135,0.013186
X25519,10,32,200,0.000101,0.002135,0.012963,0.012977
X25519,10,33,200,0.000107,0.001879,0.012595,0.012619
X25519,10,34,200,0.000142,0.002032,0.012775,0.012799
X25519,10,35,200,0.000138,0.001869,0.012631,0.012656
X25519,10,36,200,0.000141,0.002185,0.013021,0.013032
X25519,10,37,200,0.000127,0.002156,0.013024,0.013048
X25519,10,38,200,0.000112,0.002039,0.012859,0.012871
X25519,10,39,200,0.000116,0.002105,0.012877,0.012915
X25519,10,40,200,0.000104,0.001959,0.012803,0.012828
X25519,10,41,200,0.000099,0.002516,0.013227,0.013248
X25519,10,42,200,0.000120,0.001855,0.012627,0.012655
X25519,10,43,200,0.000139,0.001946,0.012747,0.012773
X25519,10,44,200,0.000123,0.002151,0.012900,0.012926
X25519,10,45,200,0.000104,0.002580,0.013330,0.013355
X25519,10,46,200,0.000134,0.002220,0.013089,0.013113
X25519,10,47,200,0.000109,0.002562,0.013340,0.013366
X25519,10,48,200,0.000137,0.002222,0.012968,0.012996
X25519,10,49,200,0.000133,0.002735,0.013500,0.013515
X25519,10,50,200,0.000165,0.002834,0.013766,0.013797
X25519,10,51,200,0.000171,0.002337,0.013316,0.013368
X25519,10,52,200,0.000172,0.002412,0.013245,0.013262
X25519,10,53,200,0.000152,0.002866,0.013831,0.013858
X25519,10,54,200,0.000184,0.002443,0.013406,0.013433
X25519,10,55,200,0.000135,0.002831,0.013848,0.013878
X25519,10,56,200,0.000154,0.002415,0.013335,0.013369
X25519,10,57,200,0.000163,0.002900,0.013876,0.013905
X25519,10,58,200,0.000161,0.002969,0.013962,0.014000
X25519,10,59,200,0.000161,0.002474,0.013333,0.013347
X25519,10,60,200,0.000157,0.002425,0.013305,0.013335
X25519,10,61,200,0.000163,0.002933,0.013871,0.013900
X25519,10,62,200,0.000139,0.002961,0.013954,0.013986
X25519,10,63,200,0.000130,0.002436,0.013436,0.013462
X25519,10,64,200,0.000162,0.002481,0.013483,0.013515
X25519,10,65,200,0.000181,0.002598,0.013676,0.013707
X25519,10,66,200,0.000154,0.002406,0.013241,0.013272
X25519,10,67,200,0.000140,0.002411,0.013375,0.013404
X25519,10,68,200,0.000141,0.002566,0.013500,0.013561
X25519,10,69,200,0.000158,0.003116,0.013992,0.014022
X25519,10,70,200,0.000202,0.002644,0.013475,0.013495
X25519,10,71,200,0.000128,0.002418,0.013259,0.013314
X25519,10,72,200,0.000179,0.002535,0.013533,0.013557
X25519,10,73,200,0.000160,0.002521,0.013490,0.013520
X25519,10,74,200,0.000172,0.002990,0.013839,0.013858
X25519,10,75,200,0.000160,0.002565,0.013553,0.013574
X25519,10,76,200,0.000144,0.002489,0.013310,0.013329
X25519,10,77,200,0.000146,0.003109,0.014159,0.014191
X25519,10,78,200,0.000141,0.002401,0.013428,0.013446
X25519,10,79,200,0.000141,0.002945,0.013863,0.013894
X25519,10,80,200,0.000155,0.003031,0.014004,0.014021
X25519,10,81,200,0.000146,0.002528,0.013331,0.013348
X25519,10,82,200,0.000162,0.002748,0.013717,0.013736
X25519,10,83,200,0.000163,0.002493,0.013459,0.013489
X25519,10,84,200,0.000198,0.002471,0.013445,0.013482
X25519,10,85,200,0.000207,0.002682,0.013606,0.013638
X25519,10,86,200,0.000136,0.002430,0.013396,0.013413
X25519,10,87,200,0.000162,0.002883,0.013823,0.013840
X25519,10,88,200,0.000215,0.002555,0.013521,0.013557
X25519,10,89,200,0.000160,0.002669,0.013622,0.013697
X25519,10,90,200,0.000127,0.002447,0.013344,0.013376
X25519,10,91,200,0.000132,0.002584,0.013656,0.013692
X25519,10,92,200,0.000137,0.002547,0.013392,0.013428
X25519,10,93,200,0.000168,0.002680,0.013543,0.013562
X25519,10,94,200,0.000134,0.002377,0.013209,0.013240
X25519,10,95,200,0.000148,0.002833,0.013839,0.013855
X25519,10,96,200,0.000136,0.002417,0.013297,0.013318
X25519,10,97,200,0.000138,0.003053,0.014000,0.014034
X25519,10,98,200,0.000149,0.002422,0.013413,0.013444
X25519,10,99,200,0.000156,0.002776,0.013609,0.013625
X25519,10,100,200,0.000142,0.002982,0.014003,0.014045
X25519,10,101,200,0.000144,0.002632,0.013509,0.013537
X25519,10,102,200,0.000140,0.002400,0.013306,0.013333
X25519,10,103,200,0.000118,0.002557,0.013400,0.013431
X25519,10,104,200,0.000148,0.002534,0.013478,0.013510
X25519,10,105,200,0.000155,0.002419,0.013350,0.013383
X25519,10,106,200,0.000125,0.002413,0.013303,0.013334
X25519,10,107,200,0.000146,0.002525,0.013393,0.013408
X25519,10,108,200,0.000148,0.002512,0.013440,0.013472
X25519,10,109,200,0.000156,0.002582,0.013621,0.013648
X25519,10,110,200,0.000142,0.002442,0.013424,0.013452
X25519,10,111,200,0.000132,0.002580,0.013584,0.013611
X25519,10,112,200,0.000147,0.002641,0.013736,0.013768
X25519,10,113,200,0.000137,0.003032,0.014158,0.014186
X25519,10,114,200,0.000158,0.002470,0.013695,0.013725
X25519,10,115,200,0.000150,0.002994,0.013935,0.013967
X25519,10,116,200,0.000142,0.003107,0.014072,0.014099
X25519,10,117,200,0.000130,0.002530,0.013502,0.013529
X25519,10,118,200,0.000135,0.002427,0.013377,0.013405
X25519,10,119,200,0.000150,0.002648,0.013628,0.013664
X25519,10,120,200,0.000172,0.002824,0.013932,0.013989
X25519,10,121,200,0.000219,0.003246,0.014425,0.014460
X25519,10,122,200,0.000200,0.003110,0.014209,0.014248
X25519,10,123,200,0.000192,0.002884,0.014120,0.014169
X25519,10,124,200,0.000164,0.002567,0.013683,0.013721
X25519,10,125,200,0.000212,0.002779,0.013928,0.013954
X25519,10,126,200,0.000175,0.002630,0.014070,0.014101
X25519,10,127,200,0.000165,0.002618,0.013775,0.013797
X25519,10,128,200,0.000160,0.002578,0.013550,0.013571
X25519,10,129,200,0.000153,0.002717,0.013893,0.013934
X25519,10,130,200,0.000174,0.002950,0.014084,0.014124
X25519,10,131,200,0.000160,0.002608,0.013716,0.013745
X25519,10,132,200,0.000151,0.002591,0.013659,0.013691
X25519,10,133,200,0.000148,0.002677,0.013805,0.013837
X25519,10,134,200,0.000186,0.002643,0.013664,0.013683
X25519,10,135,200,0.000134,0.003263,0.014365,0.014397
X25519,10,136,200,0.000160,0.002822,0.013848,0.013880
X25519,10,137,200,0.000150,0.002568,0.013343,0.013368
X25519,10,138,200,0.000143,0.002642,0.013681,0.013708
X25519,10,139,200,0.000140,0.002422,0.013600,0.013630
X25519,10,140,200,0.000161,0.002518,0.013657,0.013688
X25519,10,141,200,0.000145,0.002732,0.013546,0.013561
X25519,10,142,200,0.000166,0.002482,0.013491,0.013519
X25519,10,143,200,0.000146,0.002475,0.013654,0.013671
X25519,10,144,200,0.000140,0.002532,0.013603,0.013646
X25519,10,145,200,0.000174,0.002859,0.013656,0.013671
X25519,10,146,200,0.000162,0.002602,0.013700,0.013736
X25519,10,147,200,0.000160,0.002488,0.013596,0.013627
X25519,10,148,200,0.000146,0.002502,0.013429,0.013445
X25519,10,149,200,0.000147,0.002512,0.013547,0.013575
X25519,10,150,200,0.000173,0.002562,0.013506,0.013534
X25519,10,151,200,0.000160,0.002485,0.013537,0.013552
X25519,10,152,200,0.000140,0.002473,0.013602,0.013658
X25519,10,153,200,0.000135,0.002578,0.013528,0.013559
X25519,10,154,200,0.000164,0.002442,0.013316,0.013331
X25519,10,155,200,0.000142,0.002485,0.013331,0.013369
X25519,10,156,200,0.000153,0.002426,0.013475,0.013508
X25519,10,157,200,0.000135,0.002430,0.013371,0.013400
X25519,10,158,200,0.000150,0.002405,0.013315,0.013342
X25519,10,159,200,0.000126,0.002686,0.013488,0.013504
X25519,10,160,200,0.000126,0.002419,0.013390,0.013432
X25519,10,161,200,0.000135,0.002981,0.014166,0.014194
X25519,10,162,200,0.000137,0.002967,0.013920,0.013937
X25519,10,163,200,0.000135,0.002430,0.013525,0.013555
X25519,10,164,200,0.000127,0.002809,0.013730,0.013746
X25519,10,165,200,0.000136,0.002449,0.013441,0.013472
X25519,10,166,200,0.000141,0.002414,0.013414,0.013429
X25519,10,167,200,0.000127,0.002997,0.013961,0.013990
X25519,10,168,200,0.000139,0.002432,0.013431,0.013444
X25519,10,169,200,0.000135,0.002724,0.013552,0.013567
X25519,10,170,200,0.000119,0.002529,0.013602,0.013617
X25519,10,171,200,0.000122,0.002383,0.013285,0.013322
X25519,10,172,200,0.000134,0.003333,0.014310,0.014326
X25519,10,173,200,0.000136,0.002978,0.014087,0.014128
X25519,10,174,200,0.000135,0.002462,0.013323,0.013340
X25519,10,175,200,0.000129,0.002606,0.013540,0.013582
X25519,10,176,200,0.000143,0.002525,0.013424,0.013467
X25519,10,177,200,0.000138,0.002440,0.013510,0.013545
X25519,10,178,200,0.000148,0.002510,0.013449,0.013478
X25519,10,179,200,0.000146,0.002908,0.013925,0.013955
X25519,10,180,200,0.000153,0.002578,0.013402,0.013429
X25519,10,181,200,0.000153,0.002542,0.013424,0.013442
X25519,10,182,200,0.000142,0.002461,0.013479,0.013495
X25519,10,183,200,0.000142,0.002459,0.013472,0.013505
X25519,10,184,200,0.000174,0.002476,0.013513,0.013530
X25519,10,185,200,0.000156,0.002505,0.013442,0.013458
X25519,10,186,200,0.000172,0.002502,0.013475,0.013491
X25519,10,187,200,0.000183,0.002453,0.013422,0.013439
X25519,10,188,200,0.000190,0.002786,0.013746,0.013761
X25519,10,189,200,0.000163,0.002513,0.013447,0.013476
X25519,10,190,200,0.000154,0.002483,0.013549,0.013575
X25519,10,191,200,0.000153,0.002515,0.013514,0.013549
X25519,10,192,200,0.000143,0.002521,0.013554,0.013591
X25519,10,193,200,0.000161,0.002496,0.013423,0.013441
X25519,10,194,200,0.000154,0.002734,0.013829,0.013859
X25519,10,195,200,0.000149,0.002921,0.013935,0.013966
X25519,10,196,200,0.000167,0.002894,0.013830,0.013846
X25519,10,197,200,0.000165,0.002482,0.013689,0.013723
X25519,10,198,200,0.000131,0.002458,0.013332,0.013348
X25519,10,199,200,0.000143,0.002457,0.013436,0.013479
X25519,10,200,200,0.000161,0.002484,0.013359,0.013377
X25519,50,1,200,0.000183,0.002956,0.054243,0.054283
X25519,50,2,200,0.000160,0.002739,0.054324,0.054369
X25519,50,3,200,0.000193,0.002953,0.054224,0.054250
X25519,50,4,200,0.000145,0.002957,0.053987,0.054019
X25519,50,5,200,0.000212,0.002756,0.054261,0.054312
X25519,50,6,200,0.000205,0.002727,0.054536,0.054593
X25519,50,7,200,0.000181,0.002622,0.053697,0.053723
X25519,50,8,200,0.000180,0.002966,0.054463,0.054509
X25519,50,9,200,0.000204,0.003340,0.055089,0.055148
X25519,50,10,200,0.000280,0.002716,0.053848,0.053866
X25519,50,11,200,0.000168,0.002834,0.054113,0.054147
X25519,50,12,200,0.000245,0.003295,0.054669,0.054723
X25519,50,13,200,0.000224,0.002742,0.053773,0.053793
X25519,50,14,200,0.000169,0.002460,0.053537,0.053572
X25519,50,15,200,0.000165,0.002597,0.053839,0.053869
X25519,50,16,200,0.000216,0.003569,0.055250,0.055303
X25519,50,17,200,0.000233,0.003368,0.054688,0.054710
X25519,50,18,200,0.000158,0.002705,0.054578,0.054630
X25519,50,19,200,0.000271,0.002927,0.054500,0.054544
X25519,50,20,200,0.000235,0.003055,0.054171,0.054193
X25519,50,21,200,0.000208,0.002937,0.054054,0.054094
X25519,50,22,200,0.000202,0.002826,0.054031,0.054057
X25519,50,23,200,0.000209,0.002752,0.053958,0.053993
X25519,50,24,200,0.000217,0.002658,0.054327,0.054404
X25519,50,25,200,0.000261,0.002996,0.054169,0.054204
X25519,50,26,200,0.000162,0.003214,0.054858,0.054900
X25519,50,27,200,0.000184,0.002778,0.053834,0.053853
X25519,50,28,200,0.000151,0.002775,0.053823,0.053845
X25519,50,29,200,0.000132,0.002468,0.053578,0.053613
X25519,50,30,200,0.000180,0.002606,0.053753,0.053788
X25519,50,31,200,0.000185,0.002590,0.054078,0.054123
X25519,50,32,200,0.000164,0.002644,0.054257,0.054324
X25519,50,33,200,0.000301,0.002835,0.054082,0.054108
X25519,50,34,200,0.000200,0.003285,0.055101,0.055140
X25519,50,35,200,0.000223,0.002726,0.053779,0.053806
X25519,50,36,200,0.000220,0.002608,0.053850,0.053888
X25519,50,37,200,0.000243,0.002748,0.054278,0.054324
X25519,50,38,200,0.000226,0.003289,0.055070,0.055126
X25519,50,39,200,0.000210,0.002985,0.054526,0.054568
X25519,50,40,200,0.000209,0.002690,0.053816,0.053872
X25519,50,41,200,0.000204,0.003021,0.054569,0.054658
X25519,50,42,200,0.000269,0.002787,0.053917,0.053936
X25519,50,43,200,0.000204,0.002642,0.053604,0.053641
X25519,50,44,200,0.000166,0.002584,0.053870,0.053915
X25519,50,45,200,0.000216,0.003065,0.054585,0.054654
X25519,50,46,200,0.000211,0.002717,0.053824,0.053843
X25519,50,47,200,0.000170,0.002871,0.054070,0.054101
X25519,50,48,200,0.000185,0.002967,0.054200,0.054236
X25519,50,49,200,0.000161,0.002872,0.054471,0.054566
X25519,50,50,200,0.000183,0.002692,0.054105,0.054152
X25519,50,51,200,0.000258,0.002793,0.053959,0.054002
X25519,50,52,200,0.000248,0.002798,0.054340,0.054386
X25519,50,53,200,0.000216,0.002784,0.053843,0.053864
X25519,50,54,200,0.000150,0.002511,0.053548,0.053588
X25519,50,55,200,0.000182,0.002758,0.054048,0.054096
X25519,50,56,200,0.000191,0.002661,0.054617,0.054669
X25519,50,57,200,0.000193,0.002981,0.054323,0.054372
X25519,50,58,200,0.000205,0.002790,0.053949,0.053984
X25519,50,59,200,0.000178,0.002903,0.054044,0.054073
X25519,50,60,200,0.000185,0.002696,0.053813,0.053846
X25519,50,61,200,0.000175,0.002686,0.054229,0.054278
X25519,50,62,200,0.000201,0.002738,0.054132,0.054190
X25519,50,63,200,0.000205,0.002959,0.054051,0.054075
X25519,50,64,200,0.000224,0.002708,0.054050,0.054094
X25519,50,65,200,0.000197,0.002635,0.053726,0.053751
X25519,50,66,200,0.000207,0.002880,0.054329,0.054380
X25519,50,67,200,0.000203,0.002974,0.054505,0.054551
X25519,50,68,200,0.000185,0.002678,0.054429,0.054482
X25519,50,69,200,0.000182,0.002633,0.053934,0.053968
X25519,50,70,200,0.000197,0.002630,0.054320,0.054364
X25519,50,71,200,0.000193,0.002675,0.053807,0.053826
X25519,50,72,200,0.000207,0.002894,0.054134,0.054176
X25519,50,73,200,0.000210,0.002875,0.053854,0.053884
X25519,50,74,200,0.000211,0.002649,0.053616,0.053646
X25519,50,75,200,0.000157,0.002953,0.054100,0.054145
X25519,50,76,200,0.000250,0.002823,0.054587,0.054641
X25519,50,77,200,0.000205,0.002763,0.054513,0.054563
X25519,50,78,200,0.000221,0.002660,0.053951,0.053977
X25519,50,79,200,0.000141,0.002442,0.053461,0.053481
X25519,50,80,200,0.000144,0.002456,0.053486,0.053518
X25519,50,81,200,0.000246,0.003140,0.054400,0.054438
X25519,50,82,200,0.000158,0.002917,0.053975,0.053994
X25519,50,83,200,0.000161,0.002520,0.053768,0.053824
X25519,50,84,200,0.000270,0.002745,0.054176,0.054230
X25519,50,85,200,0.000243,0.002740,0.054445,0.054512
X25519,50,86,200,0.000224,0.002717,0.053767,0.053791
X25519,50,87,200,0.000160,0.002724,0.054181,0.054236
X25519,50,88,200,0.000191,0.002725,0.054576,0.054626
X25519,50,89,200,0.000199,0.002812,0.053974,0.053993
X25519,50,90,200,0.000190,0.002529,0.053548,0.053573
X25519,50,91,200,0.000204,0.002614,0.053641,0.053722
X25519,50,92,200,0.000174,0.002685,0.053722,0.053742
X25519,50,93,200,0.000188,0.002602,0.053623,0.053653
X25519,50,94,200,0.000193,0.002561,0.053869,0.053925
X25519,50,95,200,0.000234,0.002703,0.053904,0.053940
X25519,50,96,200,0.000239,0.003356,0.054611,0.054655
X25519,50,97,200,0.000189,0.002634,0.054213,0.054286
X25519,50,98,200,0.000174,0.002695,0.054042,0.054080
X25519,50,99,200,0.000192,0.002630,0.054042,0.054101
X25519,50,100,200,0.000190,0.003024,0.054256,0.054295
X25519,50,101,200,0.000221,0.002583,0.054148,0.054204
X25519,50,102,200,0.000264,0.002751,0.053920,0.053944
X25519,50,103,200,0.000165,0.002656,0.053794,0.053816
X25519,50,104,200,0.000176,0.002602,0.053721,0.053753
X25519,50,105,200,0.000163,0.003129,0.054116,0.054149
X25519,50,106,200,0.000200,0.002551,0.053642,0.053668
X25519,50,107,200,0.000159,0.002711,0.054111,0.054171
X25519,50,108,200,0.000186,0.003279,0.054313,0.054338
X25519,50,109,200,0.000161,0.002642,0.053975,0.054027
X25519,50,110,200,0.000164,0.002711,0.053778,0.053806
X25519,50,111,200,0.000162,0.002659,0.053656,0.053686
X25519,50,112,200,0.000179,0.002550,0.053792,0.053842
X25519,50,113,200,0.000269,0.003007,0.054350,0.054401
X25519,50,114,200,0.000182,0.002865,0.053869,0.053891
X25519,50,115,200,0.000155,0.002728,0.053806,0.053838
X25519,50,116,200,0.000164,0.002663,0.053694,0.053724
X25519,50,117,200,0.000197,0.002680,0.054240,0.054302
X25519,50,118,200,0.000182,0.003109,0.054211,0.054231
X25519,50,119,200,0.000172,0.002458,0.053739,0.053786
X25519,50,120,200,0.000154,0.002965,0.054153,0.054197
X25519,50,121,200,0.000212,0.002676,0.053849,0.053872
X25519,50,122,200,0.000222,0.002614,0.054091,0.054147
X25519,50,123,200,0.000195,0.002693,0.053979,0.054014
X25519,50,124,200,0.000190,0.002679,0.053735,0.053761
X25519,50,125,200,0.000206,0.002672,0.054099,0.054134
X25519,50,126,200,0.000230,0.003116,0.054451,0.054494
X25519,50,127,200,0.000186,0.002632,0.053897,0.053939
X25519,50,128,200,0.000210,0.002822,0.054577,0.054640
X25519,50,129,200,0.000300,0.002932,0.054056,0.054075
X25519,50,130,200,0.000225,0.003220,0.054153,0.054179
X25519,50,131,200,0.000147,0.003009,0.053991,0.054025
X25519,50,132,200,0.000175,0.002713,0.053752,0.053773
X25519,50,133,200,0.000192,0.002620,0.053543,0.053568
X25519,50,134,200,0.000158,0.002730,0.053809,0.053842
X25519,50,135,200,0.000174,0.002704,0.053895,0.053924
X25519,50,136,200,0.000163,0.002682,0.053739,0.053768
X25519,50,137,200,0.000156,0.002773,0.053832,0.053857
X25519,50,138,200,0.000167,0.002585,0.053717,0.053756
X25519,50,139,200,0.000227,0.002737,0.054095,0.054126
X25519,50,140,200,0.000161,0.003203,0.054227,0.054261
X25519,50,141,200,0.000173,0.002550,0.053533,0.053557
X25519,50,142,200,0.000197,0.002542,0.053490,0.053516
X25519,50,143,200,0.000167,0.002638,0.054289,0.054335
X25519,50,144,200,0.000170,0.002738,0.053901,0.053922
X25519,50,145,200,0.000146,0.002484,0.053620,0.053645
X25519,50,146,200,0.000192,0.003266,0.054808,0.054878
X25519,50,147,200,0.000209,0.003086,0.054308,0.054331
X25519,50,148,200,0.000160,0.002814,0.054230,0.054278
X25519,50,149,200,0.000223,0.002803,0.053952,0.053991
X25519,50,150,200,0.000173,0.002696,0.053846,0.053868
X25519,50,151,200,0.000160,0.002567,0.054337,0.054384
X25519,50,152,200,0.000234,0.002740,0.053884,0.053907
X25519,50,153,200,0.000188,0.003011,0.054216,0.054250
X25519,50,154,200,0.000185,0.002720,0.054281,0.054336
X25519,50,155,200,0.000242,0.003121,0.054396,0.054456
X25519,50,156,200,0.000247,0.002835,0.053969,0.053999
X25519,50,157,200,0.000241,0.002709,0.053755,0.053786
X25519,50,158,200,0.000157,0.002605,0.054024,0.054077
X25519,50,159,200,0.000158,0.002780,0.054391,0.054439
X25519,50,160,200,0.000204,0.002749,0.053800,0.053824
X25519,50,161,200,0.000200,0.002712,0.054067,0.054106
X25519,50,162,200,0.000191,0.002642,0.054016,0.054061
X25519,50,163,200,0.000178,0.002758,0.054367,0.054413
X25519,50,164,200,0.000189,0.002731,0.054347,0.054390
X25519,50,165,200,0.000173,0.002733,0.053765,0.053790
X25519,50,166,200,0.000139,0.002476,0.053613,0.053666
X25519,50,167,200,0.000228,0.002722,0.053793,0.053819
X25519,50,168,200,0.000185,0.002751,0.053861,0.053892
X25519,50,169,200,0.000167,0.002586,0.054124,0.054182
X25519,50,170,200,0.000177,0.002732,0.053808,0.053839
X25519,50,171,200,0.000214,0.002650,0.053665,0.053698
X25519,50,172,200,0.000211,0.003025,0.054090,0.054113
X25519,50,173,200,0.000184,0.002586,0.053538,0.053558
X25519,50,174,200,0.000148,0.002549,0.053656,0.053699
X25519,50,175,200,0.000152,0.002618,0.053627,0.053649
X25519,50,176,200,0.000140,0.002541,0.053462,0.053484
X25519,50,177,200,0.000163,0.002518,0.053556,0.053587
X25519,50,178,200,0.000195,0.002561,0.053522,0.053546
X25519,50,179,200,0.000161,0.002640,0.054163,0.054219
X25519,50,180,200,0.000214,0.003350,0.054867,0.054923
X25519,50,181,200,0.000188,0.002698,0.054163,0.054222
X25519,50,182,200,0.000233,0.003039,0.054365,0.054397
X25519,50,183,200,0.000180,0.002621,0.053745,0.053795
X25519,50,184,200,0.000201,0.002636,0.053670,0.053694
X25519,50,185,200,0.000188,0.002665,0.053777,0.053808
X25519,50,186,200,0.000152,0.002834,0.053767,0.053830
X25519,50,187,200,0.000196,0.002754,0.053758,0.053778
X25519,50,188,200,0.000158,0.002605,0.053908,0.053952
X25519,50,189,200,0.000217,0.002760,0.053904,0.053934
X25519,50,190,200,0.000216,0.002706,0.054254,0.054296
X25519,50,191,200,0.000170,0.003036,0.054710,0.054767
X25519,50,192,200,0.000181,0.002735,0.054154,0.054197
X25519,50,193,200,0.000199,0.002811,0.054386,0.054432
X25519,50,194,200,0.000223,0.002738,0.054402,0.054467
X25519,50,195,200,0.000211,0.002846,0.053957,0.053982
X25519,50,196,200,0.000219,0.002660,0.053646,0.053680
X25519,50,197,200,0.000220,0.002781,0.054265,0.054309
X25519,50,198,200,0.000241,0.002726,0.053806,0.053838
X25519,50,199,200,0.000127,0.002442,0.053945,0.053993
X25519,50,200,200,0.000178,0.002766,0.054215,0.054268
