profile,concurrency,delay_ms,worker,iter,http_code,time_connect,time_appconnect,time_starttransfer,time_total
X25519MLKEM768,8,0,1,1,200,0.000112,0.003850,0.004526,0.004542
X25519MLKEM768,8,0,1,2,200,0.000153,0.004631,0.006226,0.006241
X25519MLKEM768,8,0,1,3,200,0.001144,0.004186,0.004953,0.004969
X25519MLKEM768,8,0,1,4,200,0.001939,0.004585,0.005292,0.005309
X25519MLKEM768,8,0,1,5,200,0.000147,0.004460,0.005371,0.005413
X25519MLKEM768,8,0,1,6,200,0.000115,0.003319,0.004417,0.004433
X25519MLKEM768,8,0,1,7,200,0.000594,0.004679,0.005991,0.006008
X25519MLKEM768,8,0,1,8,200,0.000132,0.006000,0.007212,0.007228
X25519MLKEM768,8,0,1,9,200,0.001849,0.004660,0.005900,0.005931
X25519MLKEM768,8,0,1,10,200,0.001320,0.004964,0.006348,0.006395
X25519MLKEM768,8,0,1,11,200,0.000749,0.004371,0.006326,0.006341
X25519MLKEM768,8,0,1,12,200,0.000126,0.003885,0.005739,0.005758
X25519MLKEM768,8,0,1,13,200,0.000115,0.002850,0.004081,0.004100
X25519MLKEM768,8,0,1,14,200,0.000102,0.003071,0.004312,0.004326
X25519MLKEM768,8,0,1,15,200,0.000776,0.004032,0.005180,0.005194
X25519MLKEM768,8,0,1,16,200,0.000347,0.002968,0.003914,0.003928
X25519MLKEM768,8,0,1,17,200,0.000106,0.004468,0.005242,0.005303
X25519MLKEM768,8,0,1,18,200,0.000110,0.004093,0.004919,0.004935
X25519MLKEM768,8,0,1,19,200,0.000355,0.002520,0.003909,0.003922
X25519MLKEM768,8,0,1,20,200,0.001287,0.003404,0.006068,0.006082
X25519MLKEM768,8,0,1,21,200,0.000104,0.005170,0.005756,0.005772
X25519MLKEM768,8,0,1,22,200,0.000130,0.003001,0.003633,0.003646
X25519MLKEM768,8,0,1,23,200,0.000112,0.002375,0.003773,0.003789
X25519MLKEM768,8,0,1,24,200,0.000101,0.002509,0.003451,0.003474
X25519MLKEM768,8,0,1,25,200,0.000095,0.002558,0.003376,0.003389
X25519MLKEM768,8,0,1,26,200,0.000908,0.003620,0.006301,0.006313
X25519MLKEM768,8,0,1,27,200,0.000086,0.002677,0.003392,0.003409
X25519MLKEM768,8,0,1,28,200,0.000087,0.003552,0.004229,0.004243
X25519MLKEM768,8,0,1,29,200,0.001624,0.003635,0.005279,0.005293
X25519MLKEM768,8,0,1,30,200,0.000598,0.005637,0.006275,0.006285
X25519MLKEM768,8,0,1,31,200,0.000097,0.002373,0.003502,0.003518
X25519MLKEM768,8,0,1,32,200,0.000115,0.002383,0.002916,0.002932
X25519MLKEM768,8,0,1,33,200,0.002124,0.005648,0.007103,0.007116
X25519MLKEM768,8,0,1,34,200,0.000086,0.003046,0.005098,0.005113
X25519MLKEM768,8,0,1,35,200,0.000113,0.003347,0.004624,0.004638
X25519MLKEM768,8,0,1,36,200,0.000094,0.002225,0.005421,0.005436
X25519MLKEM768,8,0,1,37,200,0.000099,0.002284,0.004109,0.004122
X25519MLKEM768,8,0,1,38,200,0.000091,0.003521,0.005467,0.005481
X25519MLKEM768,8,0,1,39,200,0.000104,0.004880,0.005553,0.005568
X25519MLKEM768,8,0,1,40,200,0.000117,0.002348,0.003272,0.003286
X25519MLKEM768,8,0,1,41,200,0.000743,0.006017,0.007239,0.007253
X25519MLKEM768,8,0,1,42,200,0.000108,0.003196,0.004112,0.004124
X25519MLKEM768,8,0,1,43,200,0.000129,0.002360,0.002979,0.002992
X25519MLKEM768,8,0,1,44,200,0.000541,0.005115,0.005891,0.005905
X25519MLKEM768,8,0,1,45,200,0.001964,0.004922,0.006053,0.006067
X25519MLKEM768,8,0,1,46,200,0.000114,0.002214,0.003101,0.003116
X25519MLKEM768,8,0,1,47,200,0.000108,0.002881,0.003531,0.003544
X25519MLKEM768,8,0,1,48,200,0.000134,0.003372,0.004052,0.004076
X25519MLKEM768,8,0,1,49,200,0.000460,0.003957,0.004553,0.004566
X25519MLKEM768,8,0,1,50,200,0.000107,0.002088,0.002665,0.002677
X25519MLKEM768,8,0,2,1,200,0.001488,0.004643,0.006076,0.006103
X25519MLKEM768,8,0,2,2,200,0.000139,0.002731,0.004193,0.004214
X25519MLKEM768,8,0,2,3,200,0.001114,0.004014,0.004785,0.004800
X25519MLKEM768,8,0,2,4,200,0.000482,0.005858,0.006647,0.006663
X25519MLKEM768,8,0,2,5,200,0.000183,0.004256,0.005690,0.005706
X25519MLKEM768,8,0,2,6,200,0.000194,0.004315,0.004965,0.004981
X25519MLKEM768,8,0,2,7,200,0.000411,0.003165,0.004372,0.004389
X25519MLKEM768,8,0,2,8,200,0.000102,0.002915,0.003622,0.003640
X25519MLKEM768,8,0,2,9,200,0.000668,0.003373,0.004097,0.004114
X25519MLKEM768,8,0,2,10,200,0.000129,0.005007,0.005723,0.005738
X25519MLKEM768,8,0,2,11,200,0.000108,0.003290,0.004134,0.004163
X25519MLKEM768,8,0,2,12,200,0.000130,0.003001,0.003872,0.003889
X25519MLKEM768,8,0,2,13,200,0.000106,0.003956,0.005741,0.005760
X25519MLKEM768,8,0,2,14,200,0.000114,0.004195,0.004917,0.004935
X25519MLKEM768,8,0,2,15,200,0.000756,0.004577,0.007160,0.007178
X25519MLKEM768,8,0,2,16,200,0.000097,0.003762,0.005096,0.005113
X25519MLKEM768,8,0,2,17,200,0.000119,0.002451,0.003292,0.003306
X25519MLKEM768,8,0,2,18,200,0.000590,0.003183,0.004356,0.004368
X25519MLKEM768,8,0,2,19,200,0.000089,0.002302,0.004498,0.004519
X25519MLKEM768,8,0,2,20,200,0.000108,0.002434,0.002990,0.003003
X25519MLKEM768,8,0,2,21,200,0.000098,0.002832,0.003895,0.003908
X25519MLKEM768,8,0,2,22,200,0.000115,0.002398,0.004847,0.004869
X25519MLKEM768,8,0,2,23,200,0.000107,0.002380,0.004703,0.004717
X25519MLKEM768,8,0,2,24,200,0.000699,0.002731,0.003637,0.003652
X25519MLKEM768,8,0,2,25,200,0.000470,0.004719,0.005478,0.005493
X25519MLKEM768,8,0,2,26,200,0.000092,0.002344,0.003010,0.003022
X25519MLKEM768,8,0,2,27,200,0.000683,0.003028,0.003586,0.003601
X25519MLKEM768,8,0,2,28,200,0.000545,0.005609,0.006345,0.006358
X25519MLKEM768,8,0,2,29,200,0.000098,0.003430,0.004101,0.004115
X25519MLKEM768,8,0,2,30,200,0.000090,0.002099,0.002728,0.002747
X25519MLKEM768,8,0,2,31,200,0.000086,0.002659,0.003226,0.003238
X25519MLKEM768,8,0,2,32,200,0.001001,0.003124,0.004021,0.004033
X25519MLKEM768,8,0,2,33,200,0.000104,0.003020,0.004318,0.004333
X25519MLKEM768,8,0,2,34,200,0.000474,0.003484,0.003989,0.004021
X25519MLKEM768,8,0,2,35,200,0.000103,0.002753,0.003336,0.003349
X25519MLKEM768,8,0,2,36,200,0.000097,0.003414,0.004367,0.004382
X25519MLKEM768,8,0,2,37,200,0.000107,0.003363,0.004585,0.004599
X25519MLKEM768,8,0,2,38,200,0.000100,0.002495,0.003259,0.003273
X25519MLKEM768,8,0,2,39,200,0.000109,0.004817,0.005783,0.005805
X25519MLKEM768,8,0,2,40,200,0.001166,0.003764,0.005498,0.005512
X25519MLKEM768,8,0,2,41,200,0.000581,0.002848,0.004032,0.004046
X25519MLKEM768,8,0,2,42,200,0.002125,0.004720,0.005302,0.005317
X25519MLKEM768,8,0,2,43,200,0.000096,0.002216,0.002774,0.002783
X25519MLKEM768,8,0,2,44,200,0.000891,0.003010,0.003658,0.003671
X25519MLKEM768,8,0,2,45,200,0.000735,0.007166,0.007991,0.008001
X25519MLKEM768,8,0,2,46,200,0.002472,0.004709,0.005617,0.005634
X25519MLKEM768,8,0,2,47,200,0.004040,0.006136,0.006710,0.006725
X25519MLKEM768,8,0,2,48,200,0.000098,0.002577,0.003288,0.003305
X25519MLKEM768,8,0,2,49,200,0.000106,0.002220,0.003288,0.003302
X25519MLKEM768,8,0,2,50,200,0.001488,0.004492,0.005042,0.005078
X25519MLKEM768,8,0,3,1,200,0.002477,0.005653,0.008307,0.008366
X25519MLKEM768,8,0,3,2,200,0.000459,0.004587,0.005363,0.005378
X25519MLKEM768,8,0,3,3,200,0.000140,0.003346,0.004342,0.004358
X25519MLKEM768,8,0,3,4,200,0.000135,0.004388,0.005914,0.005937
X25519MLKEM768,8,0,3,5,200,0.000139,0.007009,0.008281,0.008300
X25519MLKEM768,8,0,3,6,200,0.000113,0.003144,0.004709,0.004725
X25519MLKEM768,8,0,3,7,200,0.000098,0.003697,0.004417,0.004440
X25519MLKEM768,8,0,3,8,200,0.000617,0.003684,0.004358,0.004376
X25519MLKEM768,8,0,3,9,200,0.000516,0.004026,0.005468,0.005484
X25519MLKEM768,8,0,3,10,200,0.000967,0.005615,0.007202,0.007269
X25519MLKEM768,8,0,3,11,200,0.000221,0.002869,0.004663,0.004681
X25519MLKEM768,8,0,3,12,200,0.000237,0.003707,0.004375,0.004392
X25519MLKEM768,8,0,3,13,200,0.000121,0.003288,0.003965,0.003980
X25519MLKEM768,8,0,3,14,200,0.000101,0.003273,0.003964,0.003977
X25519MLKEM768,8,0,3,15,200,0.000098,0.002323,0.003577,0.003590
X25519MLKEM768,8,0,3,16,200,0.000098,0.002111,0.002954,0.002974
X25519MLKEM768,8,0,3,17,200,0.001162,0.005816,0.006520,0.006533
X25519MLKEM768,8,0,3,18,200,0.000094,0.003870,0.004498,0.004514
X25519MLKEM768,8,0,3,19,200,0.000131,0.003126,0.003767,0.003791
X25519MLKEM768,8,0,3,20,200,0.000723,0.002880,0.003911,0.003926
X25519MLKEM768,8,0,3,21,200,0.000115,0.002691,0.003244,0.003266
X25519MLKEM768,8,0,3,22,200,0.000108,0.004649,0.005224,0.005239
X25519MLKEM768,8,0,3,23,200,0.000102,0.002558,0.003574,0.003588
X25519MLKEM768,8,0,3,24,200,0.000093,0.002162,0.004522,0.004537
X25519MLKEM768,8,0,3,25,200,0.000133,0.002823,0.004349,0.004362
X25519MLKEM768,8,0,3,26,200,0.000111,0.002408,0.003680,0.003693
X25519MLKEM768,8,0,3,27,200,0.000105,0.002555,0.003110,0.003123
X25519MLKEM768,8,0,3,28,200,0.000122,0.004727,0.005644,0.005671
X25519MLKEM768,8,0,3,29,200,0.000106,0.003730,0.006078,0.006094
X25519MLKEM768,8,0,3,30,200,0.001493,0.005524,0.006335,0.006348
X25519MLKEM768,8,0,3,31,200,0.000131,0.002944,0.005768,0.005783
X25519MLKEM768,8,0,3,32,200,0.000130,0.003233,0.003782,0.003796
X25519MLKEM768,8,0,3,33,200,0.000098,0.002495,0.003733,0.003751
X25519MLKEM768,8,0,3,34,200,0.000092,0.003344,0.004595,0.004611
X25519MLKEM768,8,0,3,35,200,0.000143,0.002360,0.004258,0.004272
X25519MLKEM768,8,0,3,36,200,0.000581,0.002541,0.003712,0.003730
X25519MLKEM768,8,0,3,37,200,0.000127,0.003183,0.004861,0.004874
X25519MLKEM768,8,0,3,38,200,0.000795,0.003955,0.006692,0.006707
X25519MLKEM768,8,0,3,39,200,0.000366,0.003264,0.004551,0.004574
X25519MLKEM768,8,0,3,40,200,0.002389,0.005861,0.008371,0.008384
X25519MLKEM768,8,0,3,41,200,0.000099,0.002705,0.005625,0.005639
X25519MLKEM768,8,0,3,42,200,0.000090,0.004614,0.005376,0.005391
X25519MLKEM768,8,0,3,43,200,0.000123,0.004592,0.005393,0.005407
X25519MLKEM768,8,0,3,44,200,0.000118,0.003308,0.003966,0.004006
X25519MLKEM768,8,0,3,45,200,0.000833,0.004626,0.005359,0.005399
X25519MLKEM768,8,0,3,46,200,0.000138,0.002457,0.003427,0.003449
X25519MLKEM768,8,0,3,47,200,0.000114,0.002506,0.003561,0.003577
X25519MLKEM768,8,0,3,48,200,0.000105,0.002753,0.003317,0.003331
X25519MLKEM768,8,0,3,49,200,0.000107,0.002904,0.003568,0.003583
X25519MLKEM768,8,0,3,50,200,0.000111,0.002125,0.002697,0.002709
X25519MLKEM768,8,0,4,1,200,0.000148,0.003021,0.004998,0.005019
X25519MLKEM768,8,0,4,2,200,0.001420,0.004204,0.006586,0.006605
X25519MLKEM768,8,0,4,3,200,0.001227,0.003854,0.004962,0.005026
X25519MLKEM768,8,0,4,4,200,0.000113,0.004573,0.005498,0.005532
X25519MLKEM768,8,0,4,5,200,0.000134,0.002634,0.003954,0.003978
X25519MLKEM768,8,0,4,6,200,0.002322,0.005353,0.006217,0.006259
X25519MLKEM768,8,0,4,7,200,0.001961,0.004540,0.006288,0.006306
X25519MLKEM768,8,0,4,8,200,0.000115,0.003295,0.004018,0.004035
X25519MLKEM768,8,0,4,9,200,0.000128,0.004009,0.004685,0.004703
X25519MLKEM768,8,0,4,10,200,0.000172,0.002843,0.003792,0.003809
X25519MLKEM768,8,0,4,11,200,0.001429,0.004746,0.006683,0.006713
X25519MLKEM768,8,0,4,12,200,0.000110,0.002675,0.004422,0.004440
X25519MLKEM768,8,0,4,13,200,0.000419,0.003226,0.005363,0.005377
X25519MLKEM768,8,0,4,14,200,0.000114,0.004431,0.005311,0.005325
X25519MLKEM768,8,0,4,15,200,0.002265,0.004984,0.006253,0.006269
X25519MLKEM768,8,0,4,16,200,0.000098,0.005111,0.005763,0.005805
X25519MLKEM768,8,0,4,17,200,0.000853,0.003773,0.004553,0.004568
X25519MLKEM768,8,0,4,18,200,0.000111,0.003464,0.004467,0.004481
X25519MLKEM768,8,0,4,19,200,0.000134,0.002539,0.003404,0.003420
X25519MLKEM768,8,0,4,20,200,0.000498,0.002488,0.003933,0.003954
X25519MLKEM768,8,0,4,21,200,0.001137,0.005802,0.006737,0.006749
X25519MLKEM768,8,0,4,22,200,0.000118,0.003394,0.005226,0.005241
X25519MLKEM768,8,0,4,23,200,0.001514,0.004343,0.004972,0.004985
X25519MLKEM768,8,0,4,24,200,0.000104,0.003094,0.004442,0.004456
X25519MLKEM768,8,0,4,25,200,0.000398,0.002342,0.002924,0.002936
X25519MLKEM768,8,0,4,26,200,0.000101,0.002228,0.005881,0.005898
X25519MLKEM768,8,0,4,27,200,0.000962,0.003591,0.004302,0.004318
X25519MLKEM768,8,0,4,28,200,0.000099,0.003949,0.005480,0.005538
X25519MLKEM768,8,0,4,29,200,0.000118,0.002469,0.003036,0.003049
X25519MLKEM768,8,0,4,30,200,0.000103,0.002500,0.003538,0.003552
X25519MLKEM768,8,0,4,31,200,0.000115,0.002468,0.003063,0.003077
X25519MLKEM768,8,0,4,32,200,0.002373,0.004574,0.005321,0.005341
X25519MLKEM768,8,0,4,33,200,0.000692,0.002876,0.003516,0.003535
X25519MLKEM768,8,0,4,34,200,0.000099,0.004312,0.005363,0.005374
X25519MLKEM768,8,0,4,35,200,0.000439,0.002551,0.003247,0.003261
X25519MLKEM768,8,0,4,36,200,0.000105,0.002506,0.003944,0.003958
X25519MLKEM768,8,0,4,37,200,0.000102,0.003753,0.004381,0.004395
X25519MLKEM768,8,0,4,38,200,0.000094,0.002838,0.003662,0.003675
X25519MLKEM768,8,0,4,39,200,0.001711,0.003729,0.004554,0.004568
X25519MLKEM768,8,0,4,40,200,0.001545,0.003597,0.004386,0.004412
X25519MLKEM768,8,0,4,41,200,0.000107,0.002152,0.002742,0.002755
X25519MLKEM768,8,0,4,42,200,0.000102,0.002165,0.002833,0.002847
X25519MLKEM768,8,0,4,43,200,0.000111,0.002662,0.003623,0.003633
X25519MLKEM768,8,0,4,44,200,0.000086,0.003580,0.004318,0.004330
X25519MLKEM768,8,0,4,45,200,0.000125,0.002944,0.005402,0.005416
X25519MLKEM768,8,0,4,46,200,0.000096,0.002457,0.003280,0.003292
X25519MLKEM768,8,0,4,47,200,0.000627,0.002642,0.004054,0.004068
X25519MLKEM768,8,0,4,48,200,0.000109,0.002360,0.003133,0.003149
X25519MLKEM768,8,0,4,49,200,0.000104,0.003328,0.003921,0.003934
X25519MLKEM768,8,0,4,50,200,0.000117,0.002246,0.002795,0.002811
X25519MLKEM768,8,0,5,1,200,0.000407,0.005236,0.005879,0.005898
X25519MLKEM768,8,0,5,2,200,0.000113,0.002653,0.003923,0.003938
X25519MLKEM768,8,0,5,3,200,0.001275,0.006894,0.007794,0.007812
X25519MLKEM768,8,0,5,4,200,0.000136,0.002668,0.003672,0.003694
X25519MLKEM768,8,0,5,5,200,0.000600,0.004574,0.005211,0.005230
X25519MLKEM768,8,0,5,6,200,0.000110,0.004440,0.005243,0.005256
X25519MLKEM768,8,0,5,7,200,0.001096,0.004494,0.005894,0.005911
X25519MLKEM768,8,0,5,8,200,0.002237,0.005170,0.005993,0.006036
X25519MLKEM768,8,0,5,9,200,0.000529,0.003369,0.004940,0.004957
X25519MLKEM768,8,0,5,10,200,0.000102,0.002829,0.004189,0.004209
X25519MLKEM768,8,0,5,11,200,0.000100,0.003003,0.004226,0.004242
X25519MLKEM768,8,0,5,12,200,0.000156,0.003303,0.004255,0.004273
X25519MLKEM768,8,0,5,13,200,0.001064,0.003621,0.004371,0.004386
X25519MLKEM768,8,0,5,14,200,0.002028,0.004566,0.005445,0.005460
X25519MLKEM768,8,0,5,15,200,0.000594,0.003246,0.004036,0.004067
X25519MLKEM768,8,0,5,16,200,0.000395,0.003673,0.004754,0.004774
X25519MLKEM768,8,0,5,17,200,0.000572,0.003121,0.004814,0.004836
X25519MLKEM768,8,0,5,18,200,0.000102,0.002630,0.003426,0.003449
X25519MLKEM768,8,0,5,19,200,0.000116,0.003241,0.003821,0.003837
X25519MLKEM768,8,0,5,20,200,0.001023,0.004202,0.004847,0.004862
X25519MLKEM768,8,0,5,21,200,0.000804,0.006075,0.006723,0.006745
X25519MLKEM768,8,0,5,22,200,0.000091,0.002661,0.005120,0.005153
X25519MLKEM768,8,0,5,23,200,0.000102,0.002312,0.003001,0.003016
X25519MLKEM768,8,0,5,24,200,0.001573,0.005541,0.006079,0.006110
X25519MLKEM768,8,0,5,25,200,0.000114,0.002616,0.003169,0.003184
X25519MLKEM768,8,0,5,26,200,0.000098,0.002153,0.002684,0.002696
X25519MLKEM768,8,0,5,27,200,0.000167,0.003994,0.005074,0.005089
X25519MLKEM768,8,0,5,28,200,0.001809,0.004008,0.004532,0.004546
X25519MLKEM768,8,0,5,29,200,0.000083,0.003879,0.004420,0.004434
X25519MLKEM768,8,0,5,30,200,0.000126,0.003289,0.004369,0.004382
X25519MLKEM768,8,0,5,31,200,0.000098,0.004184,0.004744,0.004758
X25519MLKEM768,8,0,5,32,200,0.000104,0.002976,0.003511,0.003533
X25519MLKEM768,8,0,5,33,200,0.000105,0.003965,0.004791,0.004844
X25519MLKEM768,8,0,5,34,200,0.000201,0.002909,0.003527,0.003564
X25519MLKEM768,8,0,5,35,200,0.000457,0.003971,0.006139,0.006179
X25519MLKEM768,8,0,5,36,200,0.000686,0.003291,0.003904,0.003922
X25519MLKEM768,8,0,5,37,200,0.000589,0.003470,0.004400,0.004421
X25519MLKEM768,8,0,5,38,200,0.000095,0.002193,0.002693,0.002733
X25519MLKEM768,8,0,5,39,200,0.000088,0.003168,0.003704,0.003718
X25519MLKEM768,8,0,5,40,200,0.001319,0.004372,0.007348,0.007362
X25519MLKEM768,8,0,5,41,200,0.001854,0.003943,0.005247,0.005269
X25519MLKEM768,8,0,5,42,200,0.001166,0.005525,0.006284,0.006324
X25519MLKEM768,8,0,5,43,200,0.002148,0.004549,0.006092,0.006106
X25519MLKEM768,8,0,5,44,200,0.001884,0.004978,0.005655,0.005667
X25519MLKEM768,8,0,5,45,200,0.000573,0.003443,0.005257,0.005269
X25519MLKEM768,8,0,5,46,200,0.000093,0.003077,0.004283,0.004297
X25519MLKEM768,8,0,5,47,200,0.000651,0.003048,0.003990,0.004008
X25519MLKEM768,8,0,5,48,200,0.000127,0.003616,0.004275,0.004290
X25519MLKEM768,8,0,5,49,200,0.000834,0.003815,0.004493,0.004510
X25519MLKEM768,8,0,5,50,200,0.000098,0.002410,0.002911,0.002925
X25519MLKEM768,8,0,6,1,200,0.000123,0.004023,0.006401,0.006419
X25519MLKEM768,8,0,6,2,200,0.001632,0.004424,0.005771,0.005813
X25519MLKEM768,8,0,6,3,200,0.000133,0.003523,0.004435,0.004452
X25519MLKEM768,8,0,6,4,200,0.000704,0.003681,0.005674,0.005694
X25519MLKEM768,8,0,6,5,200,0.000117,0.002734,0.003933,0.003949
X25519MLKEM768,8,0,6,6,200,0.001161,0.005983,0.007100,0.007116
X25519MLKEM768,8,0,6,7,200,0.000115,0.002786,0.003440,0.003458
X25519MLKEM768,8,0,6,8,200,0.000109,0.002877,0.005472,0.005492
X25519MLKEM768,8,0,6,9,200,0.000763,0.003565,0.005718,0.005737
X25519MLKEM768,8,0,6,10,200,0.000113,0.003615,0.004402,0.004417
X25519MLKEM768,8,0,6,11,200,0.002103,0.004888,0.005613,0.005631
X25519MLKEM768,8,0,6,12,200,0.002408,0.005896,0.007198,0.007217
X25519MLKEM768,8,0,6,13,200,0.001422,0.004004,0.005325,0.005340
X25519MLKEM768,8,0,6,14,200,0.000612,0.004376,0.005008,0.005023
X25519MLKEM768,8,0,6,15,200,0.000109,0.002916,0.003524,0.003540
X25519MLKEM768,8,0,6,16,200,0.000097,0.004111,0.004692,0.004707
X25519MLKEM768,8,0,6,17,200,0.000634,0.002789,0.003527,0.003545
X25519MLKEM768,8,0,6,18,200,0.000121,0.002971,0.004869,0.004883
X25519MLKEM768,8,0,6,19,200,0.000132,0.002174,0.003219,0.003234
X25519MLKEM768,8,0,6,20,200,0.000107,0.002430,0.003697,0.003710
X25519MLKEM768,8,0,6,21,200,0.000108,0.003824,0.005394,0.005408
X25519MLKEM768,8,0,6,22,200,0.000119,0.002757,0.004296,0.004310
X25519MLKEM768,8,0,6,23,200,0.000700,0.004752,0.007315,0.007328
X25519MLKEM768,8,0,6,24,200,0.000084,0.002600,0.003581,0.003597
X25519MLKEM768,8,0,6,25,200,0.000124,0.003602,0.004680,0.004694
X25519MLKEM768,8,0,6,26,200,0.000550,0.003701,0.004290,0.004304
X25519MLKEM768,8,0,6,27,200,0.000086,0.004000,0.006238,0.006280
X25519MLKEM768,8,0,6,28,200,0.000866,0.002801,0.003399,0.003409
X25519MLKEM768,8,0,6,29,200,0.002051,0.004540,0.005234,0.005247
X25519MLKEM768,8,0,6,30,200,0.001671,0.003802,0.004499,0.004511
X25519MLKEM768,8,0,6,31,200,0.000098,0.002680,0.004648,0.004664
X25519MLKEM768,8,0,6,32,200,0.000106,0.002090,0.006258,0.006272
X25519MLKEM768,8,0,6,33,200,0.000099,0.003852,0.004451,0.004472
X25519MLKEM768,8,0,6,34,200,0.000141,0.002970,0.004065,0.004081
X25519MLKEM768,8,0,6,35,200,0.000087,0.004038,0.004579,0.004603
X25519MLKEM768,8,0,6,36,200,0.000131,0.002157,0.003084,0.003099
X25519MLKEM768,8,0,6,37,200,0.000114,0.004719,0.006243,0.006257
X25519MLKEM768,8,0,6,38,200,0.000102,0.003845,0.004841,0.004857
X25519MLKEM768,8,0,6,39,200,0.000355,0.002322,0.003561,0.003588
X25519MLKEM768,8,0,6,40,200,0.000088,0.003539,0.004109,0.004120
X25519MLKEM768,8,0,6,41,200,0.000113,0.002097,0.002853,0.002868
X25519MLKEM768,8,0,6,42,200,0.000108,0.002099,0.003480,0.003493
X25519MLKEM768,8,0,6,43,200,0.003423,0.005471,0.006209,0.006223
X25519MLKEM768,8,0,6,44,200,0.000098,0.002265,0.003213,0.003226
X25519MLKEM768,8,0,6,45,200,0.000932,0.003660,0.004931,0.004945
X25519MLKEM768,8,0,6,46,200,0.000107,0.002126,0.002730,0.002744
X25519MLKEM768,8,0,6,47,200,0.000972,0.003678,0.005879,0.005894
X25519MLKEM768,8,0,6,48,200,0.000088,0.003086,0.004023,0.004036
X25519MLKEM768,8,0,6,49,200,0.000594,0.002781,0.003666,0.003679
X25519MLKEM768,8,0,6,50,200,0.000108,0.002359,0.002970,0.002984
X25519MLKEM768,8,0,7,1,200,0.000107,0.002964,0.003978,0.003994
X25519MLKEM768,8,0,7,2,200,0.000120,0.003974,0.005164,0.005189
X25519MLKEM768,8,0,7,3,200,0.000797,0.003506,0.005145,0.005162
X25519MLKEM768,8,0,7,4,200,0.000146,0.004839,0.006325,0.006343
X25519MLKEM768,8,0,7,5,200,0.000172,0.002827,0.004012,0.004029
X25519MLKEM768,8,0,7,6,200,0.001860,0.004468,0.005145,0.005161
X25519MLKEM768,8,0,7,7,200,0.000113,0.004130,0.004860,0.004880
X25519MLKEM768,8,0,7,8,200,0.000125,0.003520,0.004730,0.004747
X25519MLKEM768,8,0,7,9,200,0.000934,0.004428,0.005140,0.005156
X25519MLKEM768,8,0,7,10,200,0.000189,0.002754,0.004331,0.004348
X25519MLKEM768,8,0,7,11,200,0.001721,0.004503,0.005288,0.005304
X25519MLKEM768,8,0,7,12,200,0.000135,0.005946,0.007756,0.007775
X25519MLKEM768,8,0,7,13,200,0.000108,0.004058,0.004798,0.004815
X25519MLKEM768,8,0,7,14,200,0.000122,0.003327,0.004510,0.004527
X25519MLKEM768,8,0,7,15,200,0.001458,0.004605,0.006919,0.006943
X25519MLKEM768,8,0,7,16,200,0.000111,0.002343,0.003914,0.003928
X25519MLKEM768,8,0,7,17,200,0.000101,0.004275,0.005461,0.005476
X25519MLKEM768,8,0,7,18,200,0.000119,0.003298,0.004807,0.004821
X25519MLKEM768,8,0,7,19,200,0.002236,0.004665,0.005493,0.005509
X25519MLKEM768,8,0,7,20,200,0.000138,0.002508,0.003574,0.003587
X25519MLKEM768,8,0,7,21,200,0.000359,0.003740,0.004444,0.004456
X25519MLKEM768,8,0,7,22,200,0.000914,0.004662,0.005236,0.005252
X25519MLKEM768,8,0,7,23,200,0.000321,0.002313,0.004109,0.004123
X25519MLKEM768,8,0,7,24,200,0.000096,0.004477,0.005081,0.005094
X25519MLKEM768,8,0,7,25,200,0.000105,0.003681,0.004230,0.004241
X25519MLKEM768,8,0,7,26,200,0.002057,0.004864,0.005697,0.005714
X25519MLKEM768,8,0,7,27,200,0.002101,0.004732,0.005621,0.005636
X25519MLKEM768,8,0,7,28,200,0.000095,0.002821,0.003545,0.003559
X25519MLKEM768,8,0,7,29,200,0.000362,0.002923,0.004045,0.004064
X25519MLKEM768,8,0,7,30,200,0.000093,0.003287,0.004041,0.004074
X25519MLKEM768,8,0,7,31,200,0.000090,0.004177,0.004957,0.004970
X25519MLKEM768,8,0,7,32,200,0.000390,0.002761,0.004208,0.004223
X25519MLKEM768,8,0,7,33,200,0.000103,0.002997,0.004772,0.004786
X25519MLKEM768,8,0,7,34,200,0.000095,0.004291,0.004860,0.004876
X25519MLKEM768,8,0,7,35,200,0.001453,0.003865,0.004807,0.004822
X25519MLKEM768,8,0,7,36,200,0.000567,0.004039,0.005648,0.005663
X25519MLKEM768,8,0,7,37,200,0.000105,0.003732,0.004363,0.004400
X25519MLKEM768,8,0,7,38,200,0.001981,0.004426,0.005523,0.005536
X25519MLKEM768,8,0,7,39,200,0.000104,0.003722,0.004365,0.004380
X25519MLKEM768,8,0,7,40,200,0.000101,0.002854,0.003426,0.003442
X25519MLKEM768,8,0,7,41,200,0.001339,0.004814,0.005322,0.005334
X25519MLKEM768,8,0,7,42,200,0.000093,0.002227,0.003563,0.003578
X25519MLKEM768,8,0,7,43,200,0.000410,0.002529,0.003642,0.003716
X25519MLKEM768,8,0,7,44,200,0.000094,0.004587,0.005099,0.005113
X25519MLKEM768,8,0,7,45,200,0.000107,0.003289,0.004589,0.004602
X25519MLKEM768,8,0,7,46,200,0.000911,0.002947,0.003913,0.003928
X25519MLKEM768,8,0,7,47,200,0.000749,0.003924,0.004964,0.004982
X25519MLKEM768,8,0,7,48,200,0.000451,0.002714,0.003593,0.003608
X25519MLKEM768,8,0,7,49,200,0.000102,0.002463,0.003159,0.003173
X25519MLKEM768,8,0,7,50,200,0.000092,0.002438,0.003072,0.003086
X25519MLKEM768,8,0,8,1,200,0.000140,0.005456,0.006922,0.006941
X25519MLKEM768,8,0,8,2,200,0.001282,0.004812,0.005835,0.005858
X25519MLKEM768,8,0,8,3,200,0.000790,0.004370,0.005297,0.005438
X25519MLKEM768,8,0,8,4,200,0.000543,0.006139,0.008291,0.008311
X25519MLKEM768,8,0,8,5,200,0.000108,0.004002,0.005126,0.005143
X25519MLKEM768,8,0,8,6,200,0.000584,0.005867,0.006641,0.006656
X25519MLKEM768,8,0,8,7,200,0.000115,0.003331,0.004383,0.004404
X25519MLKEM768,8,0,8,8,200,0.001268,0.005906,0.006735,0.006745
X25519MLKEM768,8,0,8,9,200,0.000113,0.004152,0.004794,0.004809
X25519MLKEM768,8,0,8,10,200,0.001186,0.005772,0.007443,0.007462
X25519MLKEM768,8,0,8,11,200,0.001679,0.005022,0.006724,0.006749
X25519MLKEM768,8,0,8,12,200,0.000136,0.003672,0.004375,0.004391
X25519MLKEM768,8,0,8,13,200,0.000701,0.004571,0.005737,0.005758
X25519MLKEM768,8,0,8,14,200,0.000117,0.002971,0.004315,0.004329
X25519MLKEM768,8,0,8,15,200,0.001429,0.004752,0.006577,0.006592
X25519MLKEM768,8,0,8,16,200,0.000989,0.004825,0.006647,0.006660
X25519MLKEM768,8,0,8,17,200,0.000337,0.002698,0.003467,0.003481
X25519MLKEM768,8,0,8,18,200,0.000102,0.004873,0.007614,0.007627
X25519MLKEM768,8,0,8,19,200,0.000648,0.002749,0.004742,0.004769
X25519MLKEM768,8,0,8,20,200,0.001641,0.003911,0.005698,0.005712
X25519MLKEM768,8,0,8,21,200,0.000670,0.004543,0.005683,0.005697
X25519MLKEM768,8,0,8,22,200,0.000088,0.003973,0.004645,0.004659
X25519MLKEM768,8,0,8,23,200,0.001948,0.003968,0.006188,0.006203
X25519MLKEM768,8,0,8,24,200,0.000094,0.002422,0.004851,0.004865
X25519MLKEM768,8,0,8,25,200,0.000110,0.002522,0.004117,0.004130
X25519MLKEM768,8,0,8,26,200,0.000082,0.002662,0.004817,0.004830
X25519MLKEM768,8,0,8,27,200,0.000098,0.002177,0.003978,0.003992
X25519MLKEM768,8,0,8,28,200,0.000086,0.003161,0.004697,0.004710
X25519MLKEM768,8,0,8,29,200,0.000093,0.002182,0.003750,0.003762
X25519MLKEM768,8,0,8,30,200,0.000137,0.002353,0.003820,0.003834
X25519MLKEM768,8,0,8,31,200,0.000100,0.002264,0.003054,0.003085
X25519MLKEM768,8,0,8,32,200,0.000281,0.003099,0.004150,0.004168
X25519MLKEM768,8,0,8,33,200,0.000103,0.002245,0.002795,0.002815
X25519MLKEM768,8,0,8,34,200,0.000121,0.002197,0.002958,0.002970
X25519MLKEM768,8,0,8,35,200,0.001445,0.004280,0.004948,0.004961
X25519MLKEM768,8,0,8,36,200,0.000130,0.002077,0.003004,0.003016
X25519MLKEM768,8,0,8,37,200,0.000092,0.002241,0.003193,0.003206
X25519MLKEM768,8,0,8,38,200,0.000112,0.003632,0.005463,0.005480
X25519MLKEM768,8,0,8,39,200,0.002219,0.004776,0.006837,0.006852
X25519MLKEM768,8,0,8,40,200,0.000114,0.003447,0.004059,0.004107
X25519MLKEM768,8,0,8,41,200,0.000934,0.003456,0.007570,0.007585
X25519MLKEM768,8,0,8,42,200,0.000114,0.002548,0.003381,0.003401
X25519MLKEM768,8,0,8,43,200,0.000146,0.002268,0.002970,0.002984
X25519MLKEM768,8,0,8,44,200,0.000889,0.004055,0.004718,0.004731
X25519MLKEM768,8,0,8,45,200,0.000790,0.003397,0.004344,0.004370
X25519MLKEM768,8,0,8,46,200,0.000100,0.003371,0.004389,0.004429
X25519MLKEM768,8,0,8,47,200,0.000608,0.003236,0.003864,0.003878
X25519MLKEM768,8,0,8,48,200,0.000116,0.003313,0.003998,0.004020
X25519MLKEM768,8,0,8,49,200,0.000116,0.002156,0.002730,0.002744
X25519MLKEM768,8,0,8,50,200,0.000116,0.002115,0.002651,0.002663
X25519MLKEM768,8,10,1,1,200,0.003073,0.005547,0.016094,0.016108
X25519MLKEM768,8,10,1,2,200,0.000900,0.002875,0.013419,0.013431
X25519MLKEM768,8,10,1,3,200,0.000095,0.002160,0.012899,0.012912
X25519MLKEM768,8,10,1,4,200,0.000118,0.004198,0.014777,0.014790
X25519MLKEM768,8,10,1,5,200,0.000105,0.003311,0.013995,0.014011
X25519MLKEM768,8,10,1,6,200,0.000105,0.002661,0.013219,0.013232
X25519MLKEM768,8,10,1,7,200,0.000426,0.002888,0.013485,0.013497
X25519MLKEM768,8,10,1,8,200,0.000105,0.002263,0.013459,0.013471
X25519MLKEM768,8,10,1,9,200,0.000104,0.002185,0.012772,0.012789
X25519MLKEM768,8,10,1,10,200,0.000110,0.002732,0.013300,0.013315
X25519MLKEM768,8,10,1,11,200,0.000085,0.002198,0.012772,0.012786
X25519MLKEM768,8,10,1,12,200,0.000121,0.002355,0.012947,0.012963
X25519MLKEM768,8,10,1,13,200,0.000090,0.002021,0.012839,0.012853
X25519MLKEM768,8,10,1,14,200,0.000134,0.002196,0.012792,0.012809
X25519MLKEM768,8,10,1,15,200,0.000099,0.002297,0.012879,0.012893
X25519MLKEM768,8,10,1,16,200,0.000103,0.002168,0.013273,0.013287
X25519MLKEM768,8,10,1,17,200,0.000110,0.002145,0.012694,0.012709
X25519MLKEM768,8,10,1,18,200,0.000109,0.002078,0.012755,0.012768
X25519MLKEM768,8,10,1,19,200,0.000104,0.002178,0.012844,0.012858
X25519MLKEM768,8,10,1,20,200,0.000117,0.002556,0.013599,0.013621
X25519MLKEM768,8,10,1,21,200,0.000097,0.002231,0.012947,0.012962
X25519MLKEM768,8,10,1,22,200,0.000110,0.002196,0.012756,0.012769
X25519MLKEM768,8,10,1,23,200,0.000105,0.002122,0.012756,0.012770
X25519MLKEM768,8,10,1,24,200,0.000141,0.002444,0.013119,0.013148
X25519MLKEM768,8,10,1,25,200,0.000108,0.002151,0.012780,0.012801
X25519MLKEM768,8,10,1,26,200,0.000101,0.002174,0.012772,0.012791
X25519MLKEM768,8,10,1,27,200,0.000107,0.002189,0.012781,0.012798
X25519MLKEM768,8,10,1,28,200,0.000104,0.002190,0.012815,0.012830
X25519MLKEM768,8,10,1,29,200,0.000106,0.002162,0.013119,0.013133
X25519MLKEM768,8,10,1,30,200,0.000101,0.002413,0.013093,0.013106
X25519MLKEM768,8,10,1,31,200,0.000101,0.002133,0.012936,0.012961
X25519MLKEM768,8,10,1,32,200,0.000092,0.002108,0.012830,0.012842
X25519MLKEM768,8,10,1,33,200,0.000081,0.002059,0.013013,0.013027
X25519MLKEM768,8,10,1,34,200,0.000082,0.002088,0.012757,0.012778
X25519MLKEM768,8,10,1,35,200,0.000090,0.002120,0.012933,0.012946
X25519MLKEM768,8,10,1,36,200,0.000088,0.002093,0.012639,0.012654
X25519MLKEM768,8,10,1,37,200,0.000090,0.002057,0.012577,0.012594
X25519MLKEM768,8,10,1,38,200,0.000090,0.002066,0.012875,0.012888
X25519MLKEM768,8,10,1,39,200,0.000089,0.002269,0.012847,0.012861
X25519MLKEM768,8,10,1,40,200,0.000089,0.002654,0.013272,0.013292
X25519MLKEM768,8,10,1,41,200,0.000097,0.002048,0.012651,0.012665
X25519MLKEM768,8,10,1,42,200,0.000101,0.002052,0.012619,0.012632
X25519MLKEM768,8,10,1,43,200,0.000084,0.002055,0.013029,0.013044
X25519MLKEM768,8,10,1,44,200,0.000101,0.002173,0.012730,0.012743
X25519MLKEM768,8,10,1,45,200,0.000119,0.002079,0.012816,0.012829
X25519MLKEM768,8,10,1,46,200,0.000096,0.002175,0.012774,0.012793
X25519MLKEM768,8,10,1,47,200,0.000111,0.002135,0.012727,0.012741
X25519MLKEM768,8,10,1,48,200,0.000087,0.002552,0.013326,0.013340
X25519MLKEM768,8,10,1,49,200,0.000084,0.002095,0.013473,0.013487
X25519MLKEM768,8,10,1,50,200,0.000096,0.002159,0.012734,0.012747
X25519MLKEM768,8,10,2,1,200,0.000134,0.002207,0.013016,0.013045
X25519MLKEM768,8,10,2,2,200,0.002184,0.004664,0.016192,0.016206
X25519MLKEM768,8,10,2,3,200,0.000610,0.003200,0.013757,0.013784
X25519MLKEM768,8,10,2,4,200,0.000092,0.002244,0.014427,0.014443
X25519MLKEM768,8,10,2,5,200,0.000105,0.002127,0.014169,0.014184
X25519MLKEM768,8,10,2,6,200,0.000110,0.002173,0.012787,0.012800
X25519MLKEM768,8,10,2,7,200,0.000093,0.002336,0.012939,0.012953
X25519MLKEM768,8,10,2,8,200,0.000096,0.002224,0.012895,0.012910
X25519MLKEM768,8,10,2,9,200,0.000106,0.002603,0.013234,0.013248
X25519MLKEM768,8,10,2,10,200,0.000102,0.002425,0.012959,0.012974
X25519MLKEM768,8,10,2,11,200,0.000130,0.002279,0.012847,0.012864
X25519MLKEM768,8,10,2,12,200,0.000089,0.002170,0.012742,0.012755
X25519MLKEM768,8,10,2,13,200,0.000092,0.002121,0.012702,0.012715
X25519MLKEM768,8,10,2,14,200,0.000102,0.002139,0.012756,0.012775
X25519MLKEM768,8,10,2,15,200,0.000104,0.002268,0.012914,0.012931
X25519MLKEM768,8,10,2,16,200,0.000109,0.002544,0.013145,0.013158
X25519MLKEM768,8,10,2,17,200,0.000096,0.002132,0.012681,0.012695
X25519MLKEM768,8,10,2,18,200,0.000088,0.002037,0.012660,0.012675
X25519MLKEM768,8,10,2,19,200,0.000098,0.002163,0.012701,0.012718
X25519MLKEM768,8,10,2,20,200,0.000110,0.002197,0.012791,0.012811
X25519MLKEM768,8,10,2,21,200,0.000089,0.002201,0.013357,0.013375
X25519MLKEM768,8,10,2,22,200,0.000095,0.002196,0.012806,0.012827
X25519MLKEM768,8,10,2,23,200,0.000095,0.002453,0.013049,0.013070
X25519MLKEM768,8,10,2,24,200,0.000092,0.002169,0.012986,0.012999
X25519MLKEM768,8,10,2,25,200,0.000092,0.002159,0.012844,0.012866
X25519MLKEM768,8,10,2,26,200,0.000114,0.002054,0.012677,0.012707
X25519MLKEM768,8,10,2,27,200,0.000136,0.002622,0.013551,0.013568
X25519MLKEM768,8,10,2,28,200,0.000106,0.002092,0.012885,0.012899
X25519MLKEM768,8,10,2,29,200,0.000116,0.002510,0.013115,0.013128
X25519MLKEM768,8,10,2,30,200,0.000103,0.002104,0.012876,0.012888
X25519MLKEM768,8,10,2,31,200,0.000095,0.002061,0.012964,0.012982
X25519MLKEM768,8,10,2,32,200,0.000096,0.002054,0.013285,0.013300
X25519MLKEM768,8,10,2,33,200,0.000098,0.002345,0.012937,0.012950
X25519MLKEM768,8,10,2,34,200,0.000168,0.002948,0.013551,0.013563
X25519MLKEM768,8,10,2,35,200,0.000091,0.002402,0.013031,0.013046
X25519MLKEM768,8,10,2,36,200,0.000101,0.002195,0.012800,0.012814
X25519MLKEM768,8,10,2,37,200,0.000099,0.002644,0.013500,0.013514
X25519MLKEM768,8,10,2,38,200,0.000086,0.002197,0.012763,0.012777
X25519MLKEM768,8,10,2,39,200,0.000097,0.002140,0.012687,0.012701
X25519MLKEM768,8,10,2,40,200,0.000093,0.002416,0.013195,0.013213
X25519MLKEM768,8,10,2,41,200,0.000109,0.002129,0.012752,0.012766
X25519MLKEM768,8,10,2,42,200,0.000098,0.002142,0.012731,0.012756
X25519MLKEM768,8,10,2,43,200,0.000118,0.002167,0.013023,0.013047
X25519MLKEM768,8,10,2,44,200,0.000109,0.002322,0.012946,0.012962
X25519MLKEM768,8,10,2,45,200,0.000101,0.002129,0.013316,0.013330
X25519MLKEM768,8,10,2,46,200,0.000091,0.002134,0.012746,0.012763
X25519MLKEM768,8,10,2,47,200,0.000104,0.002060,0.012744,0.012756
X25519MLKEM768,8,10,2,48,200,0.000109,0.002164,0.012813,0.012829
X25519MLKEM768,8,10,2,49,200,0.000098,0.002267,0.012965,0.012980
X25519MLKEM768,8,10,2,50,200,0.000131,0.002068,0.012647,0.012660
X25519MLKEM768,8,10,3,1,200,0.000948,0.003177,0.013794,0.013807
X25519MLKEM768,8,10,3,2,200,0.000104,0.002250,0.013323,0.013339
X25519MLKEM768,8,10,3,3,200,0.000107,0.002243,0.013251,0.013290
X25519MLKEM768,8,10,3,4,200,0.000098,0.002068,0.012726,0.012740
X25519MLKEM768,8,10,3,5,200,0.000092,0.002259,0.012839,0.012853
X25519MLKEM768,8,10,3,6,200,0.000093,0.002040,0.012739,0.012761
X25519MLKEM768,8,10,3,7,200,0.000818,0.003331,0.013943,0.013957
X25519MLKEM768,8,10,3,8,200,0.000102,0.002242,0.012788,0.012801
X25519MLKEM768,8,10,3,9,200,0.000095,0.002163,0.012788,0.012801
X25519MLKEM768,8,10,3,10,200,0.000078,0.002047,0.012652,0.012667
X25519MLKEM768,8,10,3,11,200,0.000099,0.002427,0.013002,0.013016
X25519MLKEM768,8,10,3,12,200,0.000090,0.002251,0.012815,0.012829
X25519MLKEM768,8,10,3,13,200,0.000094,0.002272,0.012792,0.012804
X25519MLKEM768,8,10,3,14,200,0.000104,0.002330,0.013597,0.013611
X25519MLKEM768,8,10,3,15,200,0.000103,0.002243,0.012773,0.012787
X25519MLKEM768,8,10,3,16,200,0.000096,0.002212,0.012765,0.012778
X25519MLKEM768,8,10,3,17,200,0.000089,0.002250,0.013023,0.013039
X25519MLKEM768,8,10,3,18,200,0.000089,0.002117,0.012713,0.012727
X25519MLKEM768,8,10,3,19,200,0.000097,0.002068,0.012753,0.012769
X25519MLKEM768,8,10,3,20,200,0.000113,0.002142,0.012681,0.012693
X25519MLKEM768,8,10,3,21,200,0.000117,0.002239,0.012856,0.012870
X25519MLKEM768,8,10,3,22,200,0.000108,0.002216,0.012930,0.012943
X25519MLKEM768,8,10,3,23,200,0.000102,0.002235,0.012911,0.012924
X25519MLKEM768,8,10,3,24,200,0.000111,0.002305,0.013188,0.013201
X25519MLKEM768,8,10,3,25,200,0.000119,0.002265,0.013071,0.013087
X25519MLKEM768,8,10,3,26,200,0.000096,0.002199,0.013136,0.013154
X25519MLKEM768,8,10,3,27,200,0.000114,0.002241,0.012926,0.012942
X25519MLKEM768,8,10,3,28,200,0.000115,0.002269,0.012960,0.012973
X25519MLKEM768,8,10,3,29,200,0.000105,0.002067,0.012799,0.012814
X25519MLKEM768,8,10,3,30,200,0.000105,0.002333,0.012965,0.012978
X25519MLKEM768,8,10,3,31,200,0.000095,0.002173,0.012935,0.012953
X25519MLKEM768,8,10,3,32,200,0.000125,0.002168,0.012826,0.012841
X25519MLKEM768,8,10,3,33,200,0.000091,0.002114,0.012853,0.012868
X25519MLKEM768,8,10,3,34,200,0.000088,0.002137,0.012687,0.012701
X25519MLKEM768,8,10,3,35,200,0.000088,0.002178,0.012804,0.012830
X25519MLKEM768,8,10,3,36,200,0.000140,0.002156,0.012760,0.012777
X25519MLKEM768,8,10,3,37,200,0.000087,0.002014,0.012653,0.012667
X25519MLKEM768,8,10,3,38,200,0.000100,0.002139,0.012776,0.012790
X25519MLKEM768,8,10,3,39,200,0.000084,0.002091,0.012690,0.012702
X25519MLKEM768,8,10,3,40,200,0.000109,0.002093,0.012653,0.012668
X25519MLKEM768,8,10,3,41,200,0.000128,0.002529,0.013237,0.013257
X25519MLKEM768,8,10,3,42,200,0.000094,0.002074,0.012660,0.012676
X25519MLKEM768,8,10,3,43,200,0.000096,0.002037,0.012598,0.012612
X25519MLKEM768,8,10,3,44,200,0.000099,0.002048,0.012713,0.012726
X25519MLKEM768,8,10,3,45,200,0.000104,0.002186,0.012956,0.012973
X25519MLKEM768,8,10,3,46,200,0.000102,0.002058,0.012878,0.012892
X25519MLKEM768,8,10,3,47,200,0.000100,0.002032,0.012631,0.012651
X25519MLKEM768,8,10,3,48,200,0.000093,0.002334,0.012936,0.012949
X25519MLKEM768,8,10,3,49,200,0.000087,0.001969,0.012594,0.012624
X25519MLKEM768,8,10,3,50,200,0.000093,0.002050,0.012623,0.012635
X25519MLKEM768,8,10,4,1,200,0.000963,0.004047,0.014672,0.014686
X25519MLKEM768,8,10,4,2,200,0.000095,0.002649,0.013346,0.013360
X25519MLKEM768,8,10,4,3,200,0.001529,0.004258,0.014837,0.014852
X25519MLKEM768,8,10,4,4,200,0.000110,0.002201,0.012797,0.012813
X25519MLKEM768,8,10,4,5,200,0.000104,0.002682,0.013306,0.013324
X25519MLKEM768,8,10,4,6,200,0.000101,0.002106,0.012698,0.012712
X25519MLKEM768,8,10,4,7,200,0.000150,0.002225,0.012834,0.012848
X25519MLKEM768,8,10,4,8,200,0.000100,0.002128,0.012777,0.012791
X25519MLKEM768,8,10,4,9,200,0.000101,0.002103,0.012674,0.012692
X25519MLKEM768,8,10,4,10,200,0.000104,0.002074,0.012635,0.012649
X25519MLKEM768,8,10,4,11,200,0.000104,0.002045,0.012626,0.012642
X25519MLKEM768,8,10,4,12,200,0.000086,0.002035,0.012623,0.012635
X25519MLKEM768,8,10,4,13,200,0.000101,0.002039,0.012616,0.012630
X25519MLKEM768,8,10,4,14,200,0.000097,0.002194,0.012749,0.012765
X25519MLKEM768,8,10,4,15,200,0.000099,0.002144,0.012708,0.012722
X25519MLKEM768,8,10,4,16,200,0.000099,0.002216,0.012844,0.012872
X25519MLKEM768,8,10,4,17,200,0.000096,0.002145,0.013217,0.013232
X25519MLKEM768,8,10,4,18,200,0.000130,0.002193,0.012762,0.012777
X25519MLKEM768,8,10,4,19,200,0.000097,0.002183,0.012921,0.012935
X25519MLKEM768,8,10,4,20,200,0.000120,0.002806,0.013598,0.013614
X25519MLKEM768,8,10,4,21,200,0.000109,0.002140,0.012751,0.012766
X25519MLKEM768,8,10,4,22,200,0.000116,0.002625,0.013212,0.013226
X25519MLKEM768,8,10,4,23,200,0.000267,0.002475,0.013087,0.013104
X25519MLKEM768,8,10,4,24,200,0.000092,0.002206,0.012820,0.012835
X25519MLKEM768,8,10,4,25,200,0.000104,0.002181,0.012774,0.012788
X25519MLKEM768,8,10,4,26,200,0.000127,0.002298,0.012806,0.012818
X25519MLKEM768,8,10,4,27,200,0.000101,0.002318,0.012908,0.012921
X25519MLKEM768,8,10,4,28,200,0.000091,0.002260,0.012995,0.013008
X25519MLKEM768,8,10,4,29,200,0.000099,0.002267,0.012961,0.012975
X25519MLKEM768,8,10,4,30,200,0.000118,0.002364,0.012945,0.012959
X25519MLKEM768,8,10,4,31,200,0.000094,0.002381,0.012977,0.012992
X25519MLKEM768,8,10,4,32,200,0.000088,0.002186,0.012804,0.012816
X25519MLKEM768,8,10,4,33,200,0.000084,0.002084,0.012597,0.012610
X25519MLKEM768,8,10,4,34,200,0.000083,0.002776,0.013471,0.013484
X25519MLKEM768,8,10,4,35,200,0.000111,0.002570,0.013433,0.013463
X25519MLKEM768,8,10,4,36,200,0.000099,0.002235,0.012813,0.012825
X25519MLKEM768,8,10,4,37,200,0.000082,0.002150,0.013219,0.013233
X25519MLKEM768,8,10,4,38,200,0.000106,0.002178,0.012790,0.012804
X25519MLKEM768,8,10,4,39,200,0.000088,0.002304,0.013094,0.013108
X25519MLKEM768,8,10,4,40,200,0.000093,0.002131,0.012809,0.012823
X25519MLKEM768,8,10,4,41,200,0.000096,0.002007,0.013380,0.013406
X25519MLKEM768,8,10,4,42,200,0.000117,0.002152,0.012812,0.012825
X25519MLKEM768,8,10,4,43,200,0.000091,0.002073,0.012758,0.012772
X25519MLKEM768,8,10,4,44,200,0.000099,0.002388,0.013031,0.013049
X25519MLKEM768,8,10,4,45,200,0.000105,0.002425,0.013699,0.013720
X25519MLKEM768,8,10,4,46,200,0.000110,0.002129,0.012712,0.012798
X25519MLKEM768,8,10,4,47,200,0.000108,0.002074,0.012661,0.012682
X25519MLKEM768,8,10,4,48,200,0.000091,0.002105,0.012722,0.012736
X25519MLKEM768,8,10,4,49,200,0.000097,0.002036,0.012663,0.012676
X25519MLKEM768,8,10,4,50,200,0.000099,0.002094,0.012939,0.012955
X25519MLKEM768,8,10,5,1,200,0.000546,0.002668,0.013204,0.013218
X25519MLKEM768,8,10,5,2,200,0.000082,0.002174,0.014664,0.014677
X25519MLKEM768,8,10,5,3,200,0.000095,0.002643,0.013764,0.013778
X25519MLKEM768,8,10,5,4,200,0.000118,0.002343,0.012907,0.012934
X25519MLKEM768,8,10,5,5,200,0.000087,0.002405,0.013026,0.013040
X25519MLKEM768,8,10,5,6,200,0.000117,0.002304,0.012869,0.012930
X25519MLKEM768,8,10,5,7,200,0.000115,0.002855,0.013636,0.013649
X25519MLKEM768,8,10,5,8,200,0.000092,0.002167,0.012796,0.012836
X25519MLKEM768,8,10,5,9,200,0.000107,0.002335,0.012933,0.012948
X25519MLKEM768,8,10,5,10,200,0.000105,0.002128,0.012788,0.012801
X25519MLKEM768,8,10,5,11,200,0.000091,0.002266,0.012830,0.012844
X25519MLKEM768,8,10,5,12,200,0.000095,0.002132,0.012694,0.012706
X25519MLKEM768,8,10,5,13,200,0.000101,0.002178,0.012756,0.012770
X25519MLKEM768,8,10,5,14,200,0.000082,0.002300,0.012855,0.012871
X25519MLKEM768,8,10,5,15,200,0.000088,0.002411,0.012949,0.012969
X25519MLKEM768,8,10,5,16,200,0.000104,0.002419,0.013036,0.013051
X25519MLKEM768,8,10,5,17,200,0.000094,0.002246,0.012850,0.012863
X25519MLKEM768,8,10,5,18,200,0.000084,0.002337,0.012921,0.012939
X25519MLKEM768,8,10,5,19,200,0.000107,0.002531,0.013095,0.013110
X25519MLKEM768,8,10,5,20,200,0.000119,0.002220,0.012817,0.012830
X25519MLKEM768,8,10,5,21,200,0.000105,0.002165,0.013669,0.013686
X25519MLKEM768,8,10,5,22,200,0.000110,0.002355,0.013174,0.013186
X25519MLKEM768,8,10,5,23,200,0.000100,0.002308,0.012950,0.012967
X25519MLKEM768,8,10,5,24,200,0.000110,0.002196,0.012991,0.013006
X25519MLKEM768,8,10,5,25,200,0.000117,0.002420,0.013141,0.013154
X25519MLKEM768,8,10,5,26,200,0.000114,0.002002,0.012772,0.012783
X25519MLKEM768,8,10,5,27,200,0.000121,0.002624,0.013239,0.013251
X25519MLKEM768,8,10,5,28,200,0.000106,0.002212,0.013180,0.013194
X25519MLKEM768,8,10,5,29,200,0.000132,0.002162,0.012764,0.012777
X25519MLKEM768,8,10,5,30,200,0.000105,0.002059,0.012674,0.012688
X25519MLKEM768,8,10,5,31,200,0.000111,0.002205,0.012948,0.012962
X25519MLKEM768,8,10,5,32,200,0.000091,0.002137,0.013108,0.013121
X25519MLKEM768,8,10,5,33,200,0.000089,0.002150,0.013027,0.013041
X25519MLKEM768,8,10,5,34,200,0.000088,0.002147,0.012772,0.012785
X25519MLKEM768,8,10,5,35,200,0.000111,0.002411,0.012967,0.012988
X25519MLKEM768,8,10,5,36,200,0.000107,0.002124,0.012756,0.012768
X25519MLKEM768,8,10,5,37,200,0.000117,0.002167,0.012829,0.012847
X25519MLKEM768,8,10,5,38,200,0.000086,0.002070,0.012714,0.012726
X25519MLKEM768,8,10,5,39,200,0.000104,0.002294,0.012959,0.012978
X25519MLKEM768,8,10,5,40,200,0.000091,0.002214,0.012822,0.012845
X25519MLKEM768,8,10,5,41,200,0.000091,0.002244,0.012871,0.012884
X25519MLKEM768,8,10,5,42,200,0.000117,0.002239,0.012905,0.012924
X25519MLKEM768,8,10,5,43,200,0.000120,0.002109,0.012719,0.012735
X25519MLKEM768,8,10,5,44,200,0.000109,0.002147,0.012782,0.012798
X25519MLKEM768,8,10,5,45,200,0.000106,0.002075,0.012666,0.012692
X25519MLKEM768,8,10,5,46,200,0.000110,0.002054,0.012738,0.012754
X25519MLKEM768,8,10,5,47,200,0.000112,0.002132,0.012771,0.012786
X25519MLKEM768,8,10,5,48,200,0.000110,0.002201,0.012803,0.012821
X25519MLKEM768,8,10,5,49,200,0.000099,0.002193,0.013018,0.013034
X25519MLKEM768,8,10,5,50,200,0.000119,0.002087,0.012650,0.012663
X25519MLKEM768,8,10,6,1,200,0.002110,0.005794,0.018200,0.018212
X25519MLKEM768,8,10,6,2,200,0.000103,0.002086,0.012656,0.012668
X25519MLKEM768,8,10,6,3,200,0.000127,0.002070,0.012693,0.012706
X25519MLKEM768,8,10,6,4,200,0.000092,0.003156,0.013727,0.013741
X25519MLKEM768,8,10,6,5,200,0.000102,0.002298,0.013632,0.013647
X25519MLKEM768,8,10,6,6,200,0.000092,0.002206,0.013376,0.013391
X25519MLKEM768,8,10,6,7,200,0.000114,0.002053,0.012696,0.012710
X25519MLKEM768,8,10,6,8,200,0.000098,0.002360,0.012928,0.012943
X25519MLKEM768,8,10,6,9,200,0.000108,0.002220,0.012772,0.012786
X25519MLKEM768,8,10,6,10,200,0.000092,0.002110,0.012685,0.012697
X25519MLKEM768,8,10,6,11,200,0.000098,0.002243,0.012794,0.012810
X25519MLKEM768,8,10,6,12,200,0.000099,0.002373,0.013028,0.013041
X25519MLKEM768,8,10,6,13,200,0.000115,0.002585,0.013138,0.013166
X25519MLKEM768,8,10,6,14,200,0.000123,0.002349,0.012896,0.012909
X25519MLKEM768,8,10,6,15,200,0.000119,0.002247,0.012841,0.012855
X25519MLKEM768,8,10,6,16,200,0.000091,0.002287,0.012910,0.012924
X25519MLKEM768,8,10,6,17,200,0.000095,0.002122,0.012669,0.012684
X25519MLKEM768,8,10,6,18,200,0.000103,0.002205,0.012919,0.012935
X25519MLKEM768,8,10,6,19,200,0.000102,0.002166,0.012792,0.012807
X25519MLKEM768,8,10,6,20,200,0.000104,0.002452,0.013003,0.013017
X25519MLKEM768,8,10,6,21,200,0.000107,0.002321,0.013421,0.013436
X25519MLKEM768,8,10,6,22,200,0.000125,0.002639,0.013288,0.013304
X25519MLKEM768,8,10,6,23,200,0.000110,0.002152,0.012747,0.012760
X25519MLKEM768,8,10,6,24,200,0.000135,0.002051,0.012792,0.012807
X25519MLKEM768,8,10,6,25,200,0.000104,0.002026,0.012611,0.012624
X25519MLKEM768,8,10,6,26,200,0.000097,0.002063,0.013281,0.013294
X25519MLKEM768,8,10,6,27,200,0.000108,0.002184,0.012764,0.012778
X25519MLKEM768,8,10,6,28,200,0.000137,0.002248,0.012786,0.012799
X25519MLKEM768,8,10,6,29,200,0.000097,0.002662,0.013374,0.013388
X25519MLKEM768,8,10,6,30,200,0.000108,0.002086,0.012860,0.012884
X25519MLKEM768,8,10,6,31,200,0.000119,0.002068,0.012729,0.012743
X25519MLKEM768,8,10,6,32,200,0.000107,0.002104,0.012885,0.012900
X25519MLKEM768,8,10,6,33,200,0.000094,0.002088,0.012849,0.012864
X25519MLKEM768,8,10,6,34,200,0.000113,0.002093,0.012858,0.012882
X25519MLKEM768,8,10,6,35,200,0.000115,0.002053,0.012769,0.012782
X25519MLKEM768,8,10,6,36,200,0.000094,0.002065,0.012759,0.012771
X25519MLKEM768,8,10,6,37,200,0.000076,0.002112,0.012787,0.012801
X25519MLKEM768,8,10,6,38,200,0.000079,0.002126,0.012777,0.012791
X25519MLKEM768,8,10,6,39,200,0.000104,0.002112,0.012757,0.012771
X25519MLKEM768,8,10,6,40,200,0.000084,0.002184,0.013035,0.013049
X25519MLKEM768,8,10,6,41,200,0.000088,0.002017,0.012776,0.012788
X25519MLKEM768,8,10,6,42,200,0.000093,0.002092,0.012731,0.012751
X25519MLKEM768,8,10,6,43,200,0.000098,0.002189,0.013433,0.013446
X25519MLKEM768,8,10,6,44,200,0.000099,0.002373,0.013060,0.013075
X25519MLKEM768,8,10,6,45,200,0.000104,0.002286,0.013091,0.013105
X25519MLKEM768,8,10,6,46,200,0.000088,0.002334,0.012925,0.012938
X25519MLKEM768,8,10,6,47,200,0.000094,0.002303,0.012977,0.013002
X25519MLKEM768,8,10,6,48,200,0.000100,0.002063,0.012644,0.012658
X25519MLKEM768,8,10,6,49,200,0.000099,0.002667,0.013280,0.013295
X25519MLKEM768,8,10,6,50,200,0.000105,0.002163,0.012800,0.012817
X25519MLKEM768,8,10,7,1,200,0.002067,0.004484,0.015337,0.015352
X25519MLKEM768,8,10,7,2,200,0.001913,0.004040,0.014646,0.014658
X25519MLKEM768,8,10,7,3,200,0.000098,0.002539,0.013225,0.013239
X25519MLKEM768,8,10,7,4,200,0.000154,0.002707,0.013321,0.013336
X25519MLKEM768,8,10,7,5,200,0.000114,0.002296,0.013017,0.013035
X25519MLKEM768,8,10,7,6,200,0.000099,0.002511,0.013177,0.013191
X25519MLKEM768,8,10,7,7,200,0.000169,0.002310,0.013021,0.013035
X25519MLKEM768,8,10,7,8,200,0.000102,0.002268,0.012801,0.012813
X25519MLKEM768,8,10,7,9,200,0.000124,0.002133,0.012723,0.012739
X25519MLKEM768,8,10,7,10,200,0.000109,0.002191,0.012744,0.012769
X25519MLKEM768,8,10,7,11,200,0.000101,0.002144,0.012697,0.012711
X25519MLKEM768,8,10,7,12,200,0.000100,0.002143,0.012699,0.012713
X25519MLKEM768,8,10,7,13,200,0.000100,0.002215,0.012754,0.012768
X25519MLKEM768,8,10,7,14,200,0.000108,0.002200,0.012784,0.012796
X25519MLKEM768,8,10,7,15,200,0.000111,0.002246,0.012808,0.012823
X25519MLKEM768,8,10,7,16,200,0.000114,0.002108,0.012673,0.012692
X25519MLKEM768,8,10,7,17,200,0.000097,0.002289,0.012857,0.012876
X25519MLKEM768,8,10,7,18,200,0.000101,0.002274,0.012867,0.012882
X25519MLKEM768,8,10,7,19,200,0.000098,0.002073,0.012623,0.012638
X25519MLKEM768,8,10,7,20,200,0.000102,0.002033,0.012980,0.012993
X25519MLKEM768,8,10,7,21,200,0.000112,0.002020,0.012638,0.012652
X25519MLKEM768,8,10,7,22,200,0.000106,0.002049,0.012767,0.012783
X25519MLKEM768,8,10,7,23,200,0.000098,0.002062,0.012645,0.012660
X25519MLKEM768,8,10,7,24,200,0.000111,0.002158,0.013226,0.013240
X25519MLKEM768,8,10,7,25,200,0.000118,0.002624,0.013374,0.013388
X25519MLKEM768,8,10,7,26,200,0.000108,0.002709,0.013943,0.013956
X25519MLKEM768,8,10,7,27,200,0.000087,0.002184,0.012736,0.012754
X25519MLKEM768,8,10,7,28,200,0.000107,0.002329,0.012928,0.012942
X25519MLKEM768,8,10,7,29,200,0.000108,0.002058,0.012634,0.012647
X25519MLKEM768,8,10,7,30,200,0.000099,0.002172,0.012919,0.012931
X25519MLKEM768,8,10,7,31,200,0.000094,0.002305,0.012862,0.012877
X25519MLKEM768,8,10,7,32,200,0.000109,0.002158,0.012725,0.012739
X25519MLKEM768,8,10,7,33,200,0.000092,0.002192,0.012901,0.012916
X25519MLKEM768,8,10,7,34,200,0.000095,0.003246,0.013813,0.013828
X25519MLKEM768,8,10,7,35,200,0.000092,0.002202,0.012775,0.012789
X25519MLKEM768,8,10,7,36,200,0.000155,0.002339,0.012931,0.012944
X25519MLKEM768,8,10,7,37,200,0.000095,0.002083,0.012673,0.012686
X25519MLKEM768,8,10,7,38,200,0.000097,0.002081,0.012648,0.012661
X25519MLKEM768,8,10,7,39,200,0.000090,0.002005,0.012577,0.012590
X25519MLKEM768,8,10,7,40,200,0.000092,0.002081,0.013053,0.013067
X25519MLKEM768,8,10,7,41,200,0.000089,0.002214,0.012935,0.012949
X25519MLKEM768,8,10,7,42,200,0.000109,0.002587,0.013196,0.013208
X25519MLKEM768,8,10,7,43,200,0.000121,0.002188,0.012767,0.012781
X25519MLKEM768,8,10,7,44,200,0.000105,0.002498,0.013092,0.013107
X25519MLKEM768,8,10,7,45,200,0.000097,0.002199,0.012897,0.012911
X25519MLKEM768,8,10,7,46,200,0.000106,0.002370,0.012954,0.012971
X25519MLKEM768,8,10,7,47,200,0.000127,0.002486,0.013142,0.013157
X25519MLKEM768,8,10,7,48,200,0.000096,0.002529,0.013135,0.013149
X25519MLKEM768,8,10,7,49,200,0.000098,0.002148,0.012773,0.012787
X25519MLKEM768,8,10,7,50,200,0.000080,0.002055,0.012646,0.012661
X25519MLKEM768,8,10,8,1,200,0.001889,0.004308,0.015081,0.015096
X25519MLKEM768,8,10,8,2,200,0.000112,0.003560,0.014227,0.014240
X25519MLKEM768,8,10,8,3,200,0.000426,0.003873,0.014435,0.014450
X25519MLKEM768,8,10,8,4,200,0.000787,0.003706,0.014283,0.014298
X25519MLKEM768,8,10,8,5,200,0.000098,0.002313,0.012958,0.012971
X25519MLKEM768,8,10,8,6,200,0.000096,0.002149,0.012777,0.012802
X25519MLKEM768,8,10,8,7,200,0.000085,0.002237,0.012855,0.012867
X25519MLKEM768,8,10,8,8,200,0.000103,0.002497,0.013096,0.013111
X25519MLKEM768,8,10,8,9,200,0.000101,0.002152,0.013293,0.013308
X25519MLKEM768,8,10,8,10,200,0.000098,0.002420,0.013013,0.013027
X25519MLKEM768,8,10,8,11,200,0.000099,0.002033,0.012609,0.012623
X25519MLKEM768,8,10,8,12,200,0.000107,0.002220,0.012832,0.012855
X25519MLKEM768,8,10,8,13,200,0.000091,0.002079,0.012635,0.012651
X25519MLKEM768,8,10,8,14,200,0.000102,0.002178,0.012816,0.012832
X25519MLKEM768,8,10,8,15,200,0.000103,0.002093,0.012672,0.012687
X25519MLKEM768,8,10,8,16,200,0.000114,0.002147,0.012730,0.012747
X25519MLKEM768,8,10,8,17,200,0.000109,0.002118,0.012709,0.012725
X25519MLKEM768,8,10,8,18,200,0.000109,0.002165,0.012780,0.012794
X25519MLKEM768,8,10,8,19,200,0.000135,0.002140,0.012846,0.012867
X25519MLKEM768,8,10,8,20,200,0.000104,0.002081,0.012707,0.012720
X25519MLKEM768,8,10,8,21,200,0.000094,0.002408,0.013088,0.013102
X25519MLKEM768,8,10,8,22,200,0.000094,0.002093,0.013010,0.013056
X25519MLKEM768,8,10,8,23,200,0.000115,0.002060,0.012728,0.012742
X25519MLKEM768,8,10,8,24,200,0.000091,0.002037,0.012891,0.012905
X25519MLKEM768,8,10,8,25,200,0.000109,0.002037,0.012806,0.012824
X25519MLKEM768,8,10,8,26,200,0.000106,0.002633,0.013219,0.013233
X25519MLKEM768,8,10,8,27,200,0.000106,0.002194,0.013263,0.013278
X25519MLKEM768,8,10,8,28,200,0.000107,0.002273,0.012878,0.012891
X25519MLKEM768,8,10,8,29,200,0.000109,0.002096,0.012671,0.012687
X25519MLKEM768,8,10,8,30,200,0.000100,0.002238,0.013119,0.013133
X25519MLKEM768,8,10,8,31,200,0.000105,0.002037,0.012723,0.012736
X25519MLKEM768,8,10,8,32,200,0.000116,0.002553,0.013151,0.013195
X25519MLKEM768,8,10,8,33,200,0.000088,0.002117,0.012768,0.012781
X25519MLKEM768,8,10,8,34,200,0.000096,0.002216,0.012993,0.013005
X25519MLKEM768,8,10,8,35,200,0.000091,0.002060,0.012994,0.013008
X25519MLKEM768,8,10,8,36,200,0.000092,0.002001,0.012627,0.012640
X25519MLKEM768,8,10,8,37,200,0.000100,0.002291,0.012891,0.012904
X25519MLKEM768,8,10,8,38,200,0.000079,0.002103,0.012696,0.012709
X25519MLKEM768,8,10,8,39,200,0.000146,0.002311,0.013090,0.013131
X25519MLKEM768,8,10,8,40,200,0.000089,0.002303,0.012928,0.012942
X25519MLKEM768,8,10,8,41,200,0.000097,0.002117,0.012886,0.012900
X25519MLKEM768,8,10,8,42,200,0.000098,0.002180,0.012908,0.012924
X25519MLKEM768,8,10,8,43,200,0.000129,0.002506,0.013657,0.013673
X25519MLKEM768,8,10,8,44,200,0.000113,0.002184,0.012765,0.012780
X25519MLKEM768,8,10,8,45,200,0.000114,0.002660,0.013354,0.013368
X25519MLKEM768,8,10,8,46,200,0.000102,0.002048,0.012697,0.012711
X25519MLKEM768,8,10,8,47,200,0.000082,0.002210,0.013478,0.013512
X25519MLKEM768,8,10,8,48,200,0.000091,0.002187,0.012820,0.012834
X25519MLKEM768,8,10,8,49,200,0.000099,0.002238,0.013178,0.013193
X25519MLKEM768,8,10,8,50,200,0.000088,0.002280,0.012928,0.012952
X25519MLKEM768,8,50,1,1,200,0.000109,0.003091,0.053662,0.053677
X25519MLKEM768,8,50,1,2,200,0.001598,0.003575,0.054337,0.054361
X25519MLKEM768,8,50,1,3,200,0.000100,0.002386,0.053104,0.053125
X25519MLKEM768,8,50,1,4,200,0.000100,0.002354,0.053244,0.053264
X25519MLKEM768,8,50,1,5,200,0.000110,0.002408,0.053513,0.053537
X25519MLKEM768,8,50,1,6,200,0.000133,0.002690,0.053380,0.053408
X25519MLKEM768,8,50,1,7,200,0.000500,0.002876,0.053749,0.053787
X25519MLKEM768,8,50,1,8,200,0.000091,0.003964,0.054658,0.054670
X25519MLKEM768,8,50,1,9,200,0.000101,0.002169,0.052851,0.052865
X25519MLKEM768,8,50,1,10,200,0.000098,0.003117,0.053787,0.053804
X25519MLKEM768,8,50,1,11,200,0.000110,0.003026,0.053683,0.053695
X25519MLKEM768,8,50,1,12,200,0.000109,0.003419,0.054220,0.054234
X25519MLKEM768,8,50,1,13,200,0.000119,0.004040,0.054690,0.054703
X25519MLKEM768,8,50,1,14,200,0.000585,0.003202,0.053806,0.053824
X25519MLKEM768,8,50,1,15,200,0.000490,0.002893,0.053632,0.053652
X25519MLKEM768,8,50,1,16,200,0.000119,0.004919,0.055616,0.055638
X25519MLKEM768,8,50,1,17,200,0.000180,0.004178,0.054954,0.054972
X25519MLKEM768,8,50,1,18,200,0.000119,0.002759,0.053673,0.053691
X25519MLKEM768,8,50,1,19,200,0.000155,0.003105,0.053956,0.053972
X25519MLKEM768,8,50,1,20,200,0.000139,0.003198,0.054346,0.054362
X25519MLKEM768,8,50,1,21,200,0.000611,0.004668,0.055484,0.055503
X25519MLKEM768,8,50,1,22,200,0.000116,0.002941,0.054001,0.054017
X25519MLKEM768,8,50,1,23,200,0.000117,0.002684,0.053906,0.053939
X25519MLKEM768,8,50,1,24,200,0.000135,0.003253,0.054253,0.054273
X25519MLKEM768,8,50,1,25,200,0.000111,0.002842,0.053956,0.053984
X25519MLKEM768,8,50,1,26,200,0.000122,0.002594,0.053733,0.053758
X25519MLKEM768,8,50,1,27,200,0.000136,0.002974,0.054070,0.054103
X25519MLKEM768,8,50,1,28,200,0.000135,0.003650,0.054533,0.054556
X25519MLKEM768,8,50,1,29,200,0.000170,0.003062,0.054272,0.054288
X25519MLKEM768,8,50,1,30,200,0.000115,0.003376,0.054239,0.054253
X25519MLKEM768,8,50,1,31,200,0.000140,0.003709,0.054624,0.054649
X25519MLKEM768,8,50,1,32,200,0.000125,0.002885,0.053756,0.053777
X25519MLKEM768,8,50,1,33,200,0.000135,0.002822,0.053712,0.053732
X25519MLKEM768,8,50,1,34,200,0.000148,0.003380,0.054394,0.054423
X25519MLKEM768,8,50,1,35,200,0.000115,0.002912,0.053915,0.053940
X25519MLKEM768,8,50,1,36,200,0.000158,0.002784,0.053845,0.053865
X25519MLKEM768,8,50,1,37,200,0.000152,0.002810,0.053735,0.053759
X25519MLKEM768,8,50,1,38,200,0.000429,0.002997,0.054115,0.054137
X25519MLKEM768,8,50,1,39,200,0.000137,0.003185,0.054135,0.054159
X25519MLKEM768,8,50,1,40,200,0.000187,0.003390,0.054546,0.054568
X25519MLKEM768,8,50,1,41,200,0.000131,0.004160,0.054979,0.055008
X25519MLKEM768,8,50,1,42,200,0.000132,0.004235,0.054987,0.055005
X25519MLKEM768,8,50,1,43,200,0.000147,0.003398,0.054099,0.054116
X25519MLKEM768,8,50,1,44,200,0.000135,0.003465,0.054264,0.054287
X25519MLKEM768,8,50,1,45,200,0.000132,0.002802,0.053522,0.053546
X25519MLKEM768,8,50,1,46,200,0.000115,0.004052,0.054914,0.054936
X25519MLKEM768,8,50,1,47,200,0.000162,0.002955,0.053792,0.053810
X25519MLKEM768,8,50,1,48,200,0.000148,0.003670,0.054500,0.054529
X25519MLKEM768,8,50,1,49,200,0.000125,0.004220,0.055047,0.055078
X25519MLKEM768,8,50,1,50,200,0.000170,0.004015,0.055205,0.055225
X25519MLKEM768,8,50,2,1,200,0.001093,0.003295,0.054015,0.054029
X25519MLKEM768,8,50,2,2,200,0.002180,0.004675,0.055392,0.055432
X25519MLKEM768,8,50,2,3,200,0.002124,0.004167,0.054815,0.054827
X25519MLKEM768,8,50,2,4,200,0.000091,0.002235,0.052915,0.052928
X25519MLKEM768,8,50,2,5,200,0.000091,0.002051,0.053066,0.053082
X25519MLKEM768,8,50,2,6,200,0.000704,0.002790,0.053527,0.053542
X25519MLKEM768,8,50,2,7,200,0.000100,0.002366,0.052988,0.053005
X25519MLKEM768,8,50,2,8,200,0.000096,0.002007,0.052648,0.052662
X25519MLKEM768,8,50,2,9,200,0.000175,0.002228,0.052852,0.052868
X25519MLKEM768,8,50,2,10,200,0.000127,0.002372,0.053069,0.053082
X25519MLKEM768,8,50,2,11,200,0.000117,0.002506,0.053120,0.053134
X25519MLKEM768,8,50,2,12,200,0.000133,0.002552,0.053651,0.053670
X25519MLKEM768,8,50,2,13,200,0.000145,0.002273,0.053616,0.053630
X25519MLKEM768,8,50,2,14,200,0.000102,0.002100,0.053028,0.053045
X25519MLKEM768,8,50,2,15,200,0.000113,0.002314,0.053299,0.053313
X25519MLKEM768,8,50,2,16,200,0.000107,0.002323,0.053231,0.053250
X25519MLKEM768,8,50,2,17,200,0.000103,0.003489,0.054670,0.054687
X25519MLKEM768,8,50,2,18,200,0.000131,0.002942,0.055907,0.055927
X25519MLKEM768,8,50,2,19,200,0.000156,0.002783,0.053497,0.053516
X25519MLKEM768,8,50,2,20,200,0.000131,0.002771,0.053810,0.053829
X25519MLKEM768,8,50,2,21,200,0.000744,0.003333,0.054706,0.054724
X25519MLKEM768,8,50,2,22,200,0.000151,0.002639,0.053789,0.053805
X25519MLKEM768,8,50,2,23,200,0.000135,0.002593,0.053269,0.053287
X25519MLKEM768,8,50,2,24,200,0.000109,0.002548,0.054023,0.054042
X25519MLKEM768,8,50,2,25,200,0.000146,0.003877,0.054591,0.054610
X25519MLKEM768,8,50,2,26,200,0.000130,0.002714,0.053560,0.053586
X25519MLKEM768,8,50,2,27,200,0.000122,0.002819,0.053660,0.053676
X25519MLKEM768,8,50,2,28,200,0.000140,0.003363,0.054282,0.054300
X25519MLKEM768,8,50,2,29,200,0.000117,0.002539,0.053594,0.053615
X25519MLKEM768,8,50,2,30,200,0.000135,0.002765,0.054061,0.054079
X25519MLKEM768,8,50,2,31,200,0.000144,0.002704,0.053590,0.053609
X25519MLKEM768,8,50,2,32,200,0.000120,0.003129,0.054402,0.054418
X25519MLKEM768,8,50,2,33,200,0.000118,0.002985,0.053833,0.053851
X25519MLKEM768,8,50,2,34,200,0.000125,0.002671,0.053587,0.053602
X25519MLKEM768,8,50,2,35,200,0.000148,0.002812,0.053607,0.053625
X25519MLKEM768,8,50,2,36,200,0.000140,0.002729,0.053648,0.053665
X25519MLKEM768,8,50,2,37,200,0.000142,0.002752,0.054334,0.054353
X25519MLKEM768,8,50,2,38,200,0.000127,0.003207,0.054647,0.054666
X25519MLKEM768,8,50,2,39,200,0.000128,0.002628,0.054341,0.054359
X25519MLKEM768,8,50,2,40,200,0.000111,0.002663,0.053468,0.053488
X25519MLKEM768,8,50,2,41,200,0.000726,0.004095,0.055570,0.055591
X25519MLKEM768,8,50,2,42,200,0.000166,0.002995,0.053930,0.053948
X25519MLKEM768,8,50,2,43,200,0.000120,0.002801,0.053581,0.053597
X25519MLKEM768,8,50,2,44,200,0.000170,0.002847,0.053551,0.053569
X25519MLKEM768,8,50,2,45,200,0.000100,0.002450,0.054360,0.054377
X25519MLKEM768,8,50,2,46,200,0.000117,0.002388,0.053085,0.053105
X25519MLKEM768,8,50,2,47,200,0.000151,0.002633,0.054004,0.054021
X25519MLKEM768,8,50,2,48,200,0.000125,0.002636,0.053381,0.053406
X25519MLKEM768,8,50,2,49,200,0.000135,0.002665,0.053660,0.053682
X25519MLKEM768,8,50,2,50,200,0.000127,0.002813,0.053633,0.053651
X25519MLKEM768,8,50,3,1,200,0.000100,0.002180,0.052809,0.052833
X25519MLKEM768,8,50,3,2,200,0.001324,0.004129,0.055115,0.055138
X25519MLKEM768,8,50,3,3,200,0.000142,0.002210,0.053706,0.053720
X25519MLKEM768,8,50,3,4,200,0.000141,0.002170,0.053322,0.053335
X25519MLKEM768,8,50,3,5,200,0.000143,0.002118,0.053312,0.053328
X25519MLKEM768,8,50,3,6,200,0.000087,0.002683,0.054786,0.054801
X25519MLKEM768,8,50,3,7,200,0.000106,0.002037,0.052878,0.052896
X25519MLKEM768,8,50,3,8,200,0.000084,0.002024,0.053181,0.053195
X25519MLKEM768,8,50,3,9,200,0.000108,0.002156,0.052806,0.052823
X25519MLKEM768,8,50,3,10,200,0.000093,0.002116,0.054421,0.054436
X25519MLKEM768,8,50,3,11,200,0.000122,0.002158,0.052755,0.052768
X25519MLKEM768,8,50,3,12,200,0.000169,0.002487,0.053504,0.053519
X25519MLKEM768,8,50,3,13,200,0.000099,0.002115,0.053185,0.053199
X25519MLKEM768,8,50,3,14,200,0.000111,0.002111,0.053393,0.053407
X25519MLKEM768,8,50,3,15,200,0.000117,0.002190,0.053240,0.053256
X25519MLKEM768,8,50,3,16,200,0.000106,0.002654,0.054069,0.054085
X25519MLKEM768,8,50,3,17,200,0.000106,0.002610,0.054101,0.054118
X25519MLKEM768,8,50,3,18,200,0.000134,0.003368,0.054132,0.054152
X25519MLKEM768,8,50,3,19,200,0.000133,0.002767,0.053516,0.053535
X25519MLKEM768,8,50,3,20,200,0.000119,0.002896,0.053693,0.053710
X25519MLKEM768,8,50,3,21,200,0.001669,0.004777,0.055707,0.055727
X25519MLKEM768,8,50,3,22,200,0.000122,0.002781,0.053823,0.053857
X25519MLKEM768,8,50,3,23,200,0.000127,0.002535,0.053509,0.053528
X25519MLKEM768,8,50,3,24,200,0.000122,0.002612,0.053481,0.053500
X25519MLKEM768,8,50,3,25,200,0.000128,0.003974,0.054679,0.054697
X25519MLKEM768,8,50,3,26,200,0.000158,0.002728,0.053670,0.053688
X25519MLKEM768,8,50,3,27,200,0.000152,0.002732,0.054192,0.054217
X25519MLKEM768,8,50,3,28,200,0.000179,0.003048,0.053768,0.053787
X25519MLKEM768,8,50,3,29,200,0.000124,0.002712,0.053591,0.053609
X25519MLKEM768,8,50,3,30,200,0.000104,0.002523,0.053276,0.053293
X25519MLKEM768,8,50,3,31,200,0.000115,0.002889,0.053585,0.053604
X25519MLKEM768,8,50,3,32,200,0.000132,0.002757,0.054557,0.054584
X25519MLKEM768,8,50,3,33,200,0.000119,0.002950,0.053658,0.053677
X25519MLKEM768,8,50,3,34,200,0.000148,0.003290,0.055014,0.055043
X25519MLKEM768,8,50,3,35,200,0.000140,0.002757,0.053509,0.053527
X25519MLKEM768,8,50,3,36,200,0.000119,0.002802,0.054608,0.054624
X25519MLKEM768,8,50,3,37,200,0.000130,0.002781,0.054254,0.054271
X25519MLKEM768,8,50,3,38,200,0.000137,0.002761,0.054230,0.054248
X25519MLKEM768,8,50,3,39,200,0.000129,0.002687,0.055389,0.055409
X25519MLKEM768,8,50,3,40,200,0.000124,0.002601,0.053510,0.053541
X25519MLKEM768,8,50,3,41,200,0.000134,0.002951,0.053926,0.053944
X25519MLKEM768,8,50,3,42,200,0.000126,0.002748,0.053891,0.053942
X25519MLKEM768,8,50,3,43,200,0.000122,0.002987,0.054221,0.054238
X25519MLKEM768,8,50,3,44,200,0.000112,0.002596,0.053334,0.053351
X25519MLKEM768,8,50,3,45,200,0.000099,0.002129,0.052918,0.052934
X25519MLKEM768,8,50,3,46,200,0.000110,0.002865,0.054360,0.054381
X25519MLKEM768,8,50,3,47,200,0.000127,0.002974,0.053668,0.053685
X25519MLKEM768,8,50,3,48,200,0.000113,0.003193,0.054112,0.054128
X25519MLKEM768,8,50,3,49,200,0.000125,0.002656,0.053371,0.053390
X25519MLKEM768,8,50,3,50,200,0.000912,0.003483,0.054552,0.054568
X25519MLKEM768,8,50,4,1,200,0.000332,0.002700,0.053645,0.053672
X25519MLKEM768,8,50,4,2,200,0.000109,0.003029,0.054192,0.054213
X25519MLKEM768,8,50,4,3,200,0.000104,0.002212,0.053001,0.053029
X25519MLKEM768,8,50,4,4,200,0.000095,0.002840,0.053913,0.053939
X25519MLKEM768,8,50,4,5,200,0.000106,0.002206,0.053113,0.053147
X25519MLKEM768,8,50,4,6,200,0.000963,0.003143,0.053844,0.053866
X25519MLKEM768,8,50,4,7,200,0.000091,0.002434,0.053339,0.053354
X25519MLKEM768,8,50,4,8,200,0.000101,0.002171,0.053153,0.053178
X25519MLKEM768,8,50,4,9,200,0.000104,0.002751,0.053613,0.053630
X25519MLKEM768,8,50,4,10,200,0.000107,0.002278,0.053318,0.053333
X25519MLKEM768,8,50,4,11,200,0.000119,0.003500,0.054293,0.054312
X25519MLKEM768,8,50,4,12,200,0.000119,0.003080,0.053771,0.053784
X25519MLKEM768,8,50,4,13,200,0.000118,0.002529,0.053513,0.053537
X25519MLKEM768,8,50,4,14,200,0.000120,0.002935,0.054048,0.054065
X25519MLKEM768,8,50,4,15,200,0.000135,0.003182,0.054039,0.054068
X25519MLKEM768,8,50,4,16,200,0.000423,0.002862,0.053998,0.054041
X25519MLKEM768,8,50,4,17,200,0.000340,0.003726,0.055035,0.055053
X25519MLKEM768,8,50,4,18,200,0.000221,0.003415,0.054348,0.054370
X25519MLKEM768,8,50,4,19,200,0.000157,0.003529,0.054388,0.054410
X25519MLKEM768,8,50,4,20,200,0.000136,0.002898,0.054066,0.054091
X25519MLKEM768,8,50,4,21,200,0.000194,0.003347,0.055261,0.055279
X25519MLKEM768,8,50,4,22,200,0.000138,0.003022,0.054085,0.054114
X25519MLKEM768,8,50,4,23,200,0.000127,0.003057,0.054192,0.054224
X25519MLKEM768,8,50,4,24,200,0.000134,0.002772,0.053969,0.053999
X25519MLKEM768,8,50,4,25,200,0.000131,0.003255,0.054417,0.054449
X25519MLKEM768,8,50,4,26,200,0.000139,0.003199,0.053904,0.053918
X25519MLKEM768,8,50,4,27,200,0.000137,0.003813,0.054566,0.054582
X25519MLKEM768,8,50,4,28,200,0.000148,0.003448,0.054335,0.054352
X25519MLKEM768,8,50,4,29,200,0.000151,0.003384,0.054312,0.054342
X25519MLKEM768,8,50,4,30,200,0.000123,0.003515,0.054324,0.054352
X25519MLKEM768,8,50,4,31,200,0.000473,0.004154,0.054969,0.054999
X25519MLKEM768,8,50,4,32,200,0.000429,0.003377,0.054268,0.054297
X25519MLKEM768,8,50,4,33,200,0.000134,0.004407,0.055074,0.055091
X25519MLKEM768,8,50,4,34,200,0.000558,0.003346,0.054519,0.054557
X25519MLKEM768,8,50,4,35,200,0.000126,0.002579,0.053383,0.053402
X25519MLKEM768,8,50,4,36,200,0.000140,0.003126,0.053984,0.054008
X25519MLKEM768,8,50,4,37,200,0.000152,0.003341,0.054198,0.054220
X25519MLKEM768,8,50,4,38,200,0.000143,0.003019,0.054020,0.054038
X25519MLKEM768,8,50,4,39,200,0.000142,0.003434,0.054317,0.054337
X25519MLKEM768,8,50,4,40,200,0.000203,0.003253,0.054563,0.054595
X25519MLKEM768,8,50,4,41,200,0.000129,0.002845,0.053769,0.053791
X25519MLKEM768,8,50,4,42,200,0.000128,0.003538,0.054322,0.054339
X25519MLKEM768,8,50,4,43,200,0.000178,0.003626,0.054490,0.054509
X25519MLKEM768,8,50,4,44,200,0.000141,0.003345,0.054204,0.054227
X25519MLKEM768,8,50,4,45,200,0.000134,0.002673,0.053811,0.053841
X25519MLKEM768,8,50,4,46,200,0.000168,0.004907,0.055783,0.055801
X25519MLKEM768,8,50,4,47,200,0.000210,0.004310,0.055134,0.055151
X25519MLKEM768,8,50,4,48,200,0.000131,0.003424,0.054264,0.054280
X25519MLKEM768,8,50,4,49,200,0.000135,0.002936,0.053797,0.053835
X25519MLKEM768,8,50,4,50,200,0.000141,0.004744,0.055523,0.055555
X25519MLKEM768,8,50,5,1,200,0.000622,0.003522,0.056172,0.056186
X25519MLKEM768,8,50,5,2,200,0.000108,0.002252,0.053672,0.053694
X25519MLKEM768,8,50,5,3,200,0.000096,0.002596,0.053524,0.053538
X25519MLKEM768,8,50,5,4,200,0.000860,0.002808,0.053649,0.053662
X25519MLKEM768,8,50,5,5,200,0.000111,0.002039,0.052661,0.052677
X25519MLKEM768,8,50,5,6,200,0.000086,0.002007,0.053108,0.053132
X25519MLKEM768,8,50,5,7,200,0.000111,0.002294,0.053973,0.053987
X25519MLKEM768,8,50,5,8,200,0.000101,0.002169,0.052801,0.052817
X25519MLKEM768,8,50,5,9,200,0.000105,0.002177,0.053131,0.053146
X25519MLKEM768,8,50,5,10,200,0.000113,0.002124,0.053124,0.053138
X25519MLKEM768,8,50,5,11,200,0.000106,0.002334,0.053060,0.053077
X25519MLKEM768,8,50,5,12,200,0.000099,0.002225,0.053582,0.053601
X25519MLKEM768,8,50,5,13,200,0.000132,0.002214,0.053004,0.053021
X25519MLKEM768,8,50,5,14,200,0.000112,0.002371,0.054324,0.054341
X25519MLKEM768,8,50,5,15,200,0.000124,0.002120,0.053248,0.053265
X25519MLKEM768,8,50,5,16,200,0.000114,0.002992,0.054560,0.054576
X25519MLKEM768,8,50,5,17,200,0.000125,0.002600,0.053816,0.053936
X25519MLKEM768,8,50,5,18,200,0.000117,0.002918,0.053701,0.053717
X25519MLKEM768,8,50,5,19,200,0.000129,0.002694,0.053558,0.053576
X25519MLKEM768,8,50,5,20,200,0.000158,0.002791,0.053497,0.053515
X25519MLKEM768,8,50,5,21,200,0.000135,0.002732,0.053938,0.053958
X25519MLKEM768,8,50,5,22,200,0.000123,0.002694,0.053941,0.053957
X25519MLKEM768,8,50,5,23,200,0.000114,0.003124,0.054162,0.054180
X25519MLKEM768,8,50,5,24,200,0.000101,0.002597,0.053431,0.053449
X25519MLKEM768,8,50,5,25,200,0.000264,0.003213,0.054377,0.054392
X25519MLKEM768,8,50,5,26,200,0.000129,0.002885,0.053610,0.053625
X25519MLKEM768,8,50,5,27,200,0.000126,0.002613,0.053493,0.053514
X25519MLKEM768,8,50,5,28,200,0.000134,0.002795,0.053497,0.053514
X25519MLKEM768,8,50,5,29,200,0.000135,0.002715,0.053384,0.053400
X25519MLKEM768,8,50,5,30,200,0.000501,0.003066,0.054081,0.054098
X25519MLKEM768,8,50,5,31,200,0.000144,0.002706,0.053540,0.053556
X25519MLKEM768,8,50,5,32,200,0.000114,0.002978,0.053868,0.053884
X25519MLKEM768,8,50,5,33,200,0.000113,0.002613,0.053407,0.053427
X25519MLKEM768,8,50,5,34,200,0.000126,0.002699,0.053444,0.053459
X25519MLKEM768,8,50,5,35,200,0.000830,0.003366,0.055241,0.055276
X25519MLKEM768,8,50,5,36,200,0.000143,0.002793,0.053662,0.053677
X25519MLKEM768,8,50,5,37,200,0.000126,0.003049,0.053824,0.053844
X25519MLKEM768,8,50,5,38,200,0.000127,0.003776,0.054801,0.054820
X25519MLKEM768,8,50,5,39,200,0.000130,0.002846,0.053659,0.053677
X25519MLKEM768,8,50,5,40,200,0.000150,0.002740,0.053406,0.053441
X25519MLKEM768,8,50,5,41,200,0.000117,0.002701,0.053625,0.053643
X25519MLKEM768,8,50,5,42,200,0.000126,0.002689,0.053441,0.053458
X25519MLKEM768,8,50,5,43,200,0.000138,0.003147,0.053866,0.053882
X25519MLKEM768,8,50,5,44,200,0.000145,0.002745,0.053513,0.053545
X25519MLKEM768,8,50,5,45,200,0.000111,0.002676,0.053479,0.053501
X25519MLKEM768,8,50,5,46,200,0.000112,0.002699,0.053399,0.053426
X25519MLKEM768,8,50,5,47,200,0.000137,0.003040,0.053931,0.053952
X25519MLKEM768,8,50,5,48,200,0.000125,0.004944,0.055760,0.055789
X25519MLKEM768,8,50,5,49,200,0.000447,0.003056,0.053851,0.053868
X25519MLKEM768,8,50,5,50,200,0.000119,0.003120,0.054304,0.054371
X25519MLKEM768,8,50,6,1,200,0.000606,0.002779,0.053449,0.053461
X25519MLKEM768,8,50,6,2,200,0.000107,0.002307,0.053744,0.053758
X25519MLKEM768,8,50,6,3,200,0.000081,0.002014,0.052645,0.052658
X25519MLKEM768,8,50,6,4,200,0.000752,0.003079,0.053787,0.053800
X25519MLKEM768,8,50,6,5,200,0.000548,0.002579,0.053216,0.053246
X25519MLKEM768,8,50,6,6,200,0.000101,0.003301,0.053944,0.053960
X25519MLKEM768,8,50,6,7,200,0.000100,0.002099,0.052708,0.052722
X25519MLKEM768,8,50,6,8,200,0.000101,0.002485,0.053127,0.053139
X25519MLKEM768,8,50,6,9,200,0.000103,0.002928,0.053641,0.053656
X25519MLKEM768,8,50,6,10,200,0.000119,0.002447,0.053186,0.053212
X25519MLKEM768,8,50,6,11,200,0.000112,0.002304,0.053190,0.053212
X25519MLKEM768,8,50,6,12,200,0.000130,0.002280,0.053142,0.053163
X25519MLKEM768,8,50,6,13,200,0.000129,0.003158,0.053943,0.053963
X25519MLKEM768,8,50,6,14,200,0.000104,0.003529,0.054234,0.054258
X25519MLKEM768,8,50,6,15,200,0.000310,0.003257,0.054093,0.054115
X25519MLKEM768,8,50,6,16,200,0.000131,0.003299,0.054188,0.054231
X25519MLKEM768,8,50,6,17,200,0.000146,0.003972,0.055044,0.055067
X25519MLKEM768,8,50,6,18,200,0.000131,0.002803,0.053855,0.053883
X25519MLKEM768,8,50,6,19,200,0.000140,0.002866,0.053774,0.053795
X25519MLKEM768,8,50,6,20,200,0.000145,0.002886,0.054027,0.054056
X25519MLKEM768,8,50,6,21,200,0.000158,0.003073,0.053954,0.053974
X25519MLKEM768,8,50,6,22,200,0.000126,0.002713,0.054036,0.054063
X25519MLKEM768,8,50,6,23,200,0.000150,0.002916,0.054072,0.054093
X25519MLKEM768,8,50,6,24,200,0.000152,0.002950,0.053989,0.054012
X25519MLKEM768,8,50,6,25,200,0.000215,0.002972,0.054195,0.054217
X25519MLKEM768,8,50,6,26,200,0.000123,0.003008,0.053964,0.053983
X25519MLKEM768,8,50,6,27,200,0.000148,0.003120,0.053995,0.054023
X25519MLKEM768,8,50,6,28,200,0.000146,0.002721,0.054248,0.054271
X25519MLKEM768,8,50,6,29,200,0.000199,0.004471,0.055138,0.055154
X25519MLKEM768,8,50,6,30,200,0.000132,0.003998,0.054668,0.054686
X25519MLKEM768,8,50,6,31,200,0.000507,0.003498,0.054260,0.054285
X25519MLKEM768,8,50,6,32,200,0.000148,0.003703,0.054711,0.054740
X25519MLKEM768,8,50,6,33,200,0.000437,0.003790,0.054697,0.054716
X25519MLKEM768,8,50,6,34,200,0.000443,0.004729,0.055596,0.055619
X25519MLKEM768,8,50,6,35,200,0.000134,0.002826,0.053604,0.053622
X25519MLKEM768,8,50,6,36,200,0.000140,0.003437,0.054250,0.054266
X25519MLKEM768,8,50,6,37,200,0.000143,0.002581,0.053323,0.053341
X25519MLKEM768,8,50,6,38,200,0.000148,0.002731,0.053579,0.053610
X25519MLKEM768,8,50,6,39,200,0.000151,0.002984,0.053992,0.054014
X25519MLKEM768,8,50,6,40,200,0.000157,0.003002,0.054283,0.054302
X25519MLKEM768,8,50,6,41,200,0.000155,0.003022,0.054151,0.054171
X25519MLKEM768,8,50,6,42,200,0.000138,0.002737,0.053775,0.053793
X25519MLKEM768,8,50,6,43,200,0.000136,0.003667,0.054602,0.054628
X25519MLKEM768,8,50,6,44,200,0.000145,0.003000,0.053858,0.053894
X25519MLKEM768,8,50,6,45,200,0.000151,0.002811,0.053808,0.053915
X25519MLKEM768,8,50,6,46,200,0.000165,0.002767,0.053670,0.053710
X25519MLKEM768,8,50,6,47,200,0.000135,0.004310,0.055156,0.055174
X25519MLKEM768,8,50,6,48,200,0.000134,0.002867,0.053701,0.053730
X25519MLKEM768,8,50,6,49,200,0.000173,0.003484,0.054453,0.054476
X25519MLKEM768,8,50,6,50,200,0.000138,0.003955,0.054946,0.054968
X25519MLKEM768,8,50,7,1,200,0.000092,0.002089,0.053203,0.053218
X25519MLKEM768,8,50,7,2,200,0.000102,0.003410,0.054539,0.054552
X25519MLKEM768,8,50,7,3,200,0.000104,0.002042,0.052610,0.052622
X25519MLKEM768,8,50,7,4,200,0.001732,0.003731,0.054893,0.054907
X25519MLKEM768,8,50,7,5,200,0.000099,0.002229,0.053136,0.053151
X25519MLKEM768,8,50,7,6,200,0.000099,0.002261,0.053101,0.053123
X25519MLKEM768,8,50,7,7,200,0.000130,0.002133,0.052963,0.052978
X25519MLKEM768,8,50,7,8,200,0.000089,0.002158,0.053038,0.053074
X25519MLKEM768,8,50,7,9,200,0.000097,0.002035,0.053253,0.053270
X25519MLKEM768,8,50,7,10,200,0.000122,0.002184,0.052959,0.052974
X25519MLKEM768,8,50,7,11,200,0.000097,0.002170,0.052741,0.052759
X25519MLKEM768,8,50,7,12,200,0.000118,0.002313,0.052989,0.053010
X25519MLKEM768,8,50,7,13,200,0.000117,0.002212,0.053319,0.053335
X25519MLKEM768,8,50,7,14,200,0.000106,0.002165,0.052820,0.052835
X25519MLKEM768,8,50,7,15,200,0.000102,0.002423,0.053863,0.053894
X25519MLKEM768,8,50,7,16,200,0.000123,0.002516,0.053442,0.053460
X25519MLKEM768,8,50,7,17,200,0.000162,0.002669,0.055305,0.055374
X25519MLKEM768,8,50,7,18,200,0.000120,0.002815,0.053713,0.053733
X25519MLKEM768,8,50,7,19,200,0.000123,0.002704,0.053703,0.053726
X25519MLKEM768,8,50,7,20,200,0.000121,0.002681,0.053917,0.053963
X25519MLKEM768,8,50,7,21,200,0.000113,0.002925,0.054504,0.054526
X25519MLKEM768,8,50,7,22,200,0.000933,0.003564,0.054256,0.054277
X25519MLKEM768,8,50,7,23,200,0.000146,0.002846,0.054445,0.054523
X25519MLKEM768,8,50,7,24,200,0.000140,0.002806,0.054092,0.054111
X25519MLKEM768,8,50,7,25,200,0.000161,0.002645,0.053760,0.053778
X25519MLKEM768,8,50,7,26,200,0.000113,0.002569,0.053615,0.053633
X25519MLKEM768,8,50,7,27,200,0.000151,0.002820,0.053567,0.053589
X25519MLKEM768,8,50,7,28,200,0.000133,0.002954,0.053956,0.053975
X25519MLKEM768,8,50,7,29,200,0.000130,0.002736,0.054352,0.054368
X25519MLKEM768,8,50,7,30,200,0.000106,0.002660,0.054223,0.054238
X25519MLKEM768,8,50,7,31,200,0.000114,0.002581,0.053463,0.053487
X25519MLKEM768,8,50,7,32,200,0.000133,0.002570,0.053318,0.053332
X25519MLKEM768,8,50,7,33,200,0.000122,0.002625,0.053987,0.054007
X25519MLKEM768,8,50,7,34,200,0.000130,0.002735,0.053523,0.053541
X25519MLKEM768,8,50,7,35,200,0.000113,0.002821,0.054484,0.054500
X25519MLKEM768,8,50,7,36,200,0.000107,0.002606,0.054720,0.054736
X25519MLKEM768,8,50,7,37,200,0.000203,0.002759,0.053501,0.053516
X25519MLKEM768,8,50,7,38,200,0.000140,0.003016,0.053690,0.053711
X25519MLKEM768,8,50,7,39,200,0.000824,0.004162,0.055603,0.055622
X25519MLKEM768,8,50,7,40,200,0.000126,0.002692,0.053759,0.053777
X25519MLKEM768,8,50,7,41,200,0.000137,0.002737,0.053902,0.053917
X25519MLKEM768,8,50,7,42,200,0.000115,0.002596,0.053277,0.053296
X25519MLKEM768,8,50,7,43,200,0.000261,0.003204,0.053921,0.053938
X25519MLKEM768,8,50,7,44,200,0.000138,0.003650,0.054395,0.054412
X25519MLKEM768,8,50,7,45,200,0.000130,0.002251,0.053283,0.053300
X25519MLKEM768,8,50,7,46,200,0.000117,0.002509,0.054173,0.054189
X25519MLKEM768,8,50,7,47,200,0.000153,0.003041,0.053840,0.053871
X25519MLKEM768,8,50,7,48,200,0.000105,0.002712,0.053846,0.053861
X25519MLKEM768,8,50,7,49,200,0.000099,0.003212,0.055118,0.055138
X25519MLKEM768,8,50,7,50,200,0.000151,0.002922,0.053630,0.053651
X25519MLKEM768,8,50,8,1,200,0.000099,0.002468,0.053259,0.053275
X25519MLKEM768,8,50,8,2,200,0.000109,0.002257,0.053265,0.053288
X25519MLKEM768,8,50,8,3,200,0.000114,0.002886,0.053691,0.053720
X25519MLKEM768,8,50,8,4,200,0.000163,0.002285,0.053208,0.053227
X25519MLKEM768,8,50,8,5,200,0.000107,0.002524,0.053565,0.053594
X25519MLKEM768,8,50,8,6,200,0.000127,0.002136,0.052915,0.052948
X25519MLKEM768,8,50,8,7,200,0.000125,0.002276,0.053046,0.053071
X25519MLKEM768,8,50,8,8,200,0.000111,0.002065,0.053306,0.053326
X25519MLKEM768,8,50,8,9,200,0.000097,0.002074,0.053068,0.053099
X25519MLKEM768,8,50,8,10,200,0.000137,0.002142,0.053088,0.053104
X25519MLKEM768,8,50,8,11,200,0.000749,0.003667,0.054643,0.054678
X25519MLKEM768,8,50,8,12,200,0.000179,0.003820,0.054818,0.054841
X25519MLKEM768,8,50,8,13,200,0.000108,0.002375,0.053280,0.053306
X25519MLKEM768,8,50,8,14,200,0.000238,0.003084,0.054034,0.054065
X25519MLKEM768,8,50,8,15,200,0.000124,0.003771,0.054678,0.054708
X25519MLKEM768,8,50,8,16,200,0.000127,0.002639,0.053379,0.053399
X25519MLKEM768,8,50,8,17,200,0.000478,0.003717,0.054831,0.054868
X25519MLKEM768,8,50,8,18,200,0.000942,0.003850,0.054612,0.054631
X25519MLKEM768,8,50,8,19,200,0.000126,0.003460,0.054237,0.054254
X25519MLKEM768,8,50,8,20,200,0.000133,0.003702,0.054390,0.054409
X25519MLKEM768,8,50,8,21,200,0.000120,0.002743,0.053682,0.053705
X25519MLKEM768,8,50,8,22,200,0.000144,0.003189,0.054665,0.054681
X25519MLKEM768,8,50,8,23,200,0.000133,0.002714,0.053830,0.053860
X25519MLKEM768,8,50,8,24,200,0.000111,0.002501,0.053637,0.053660
X25519MLKEM768,8,50,8,25,200,0.000184,0.002800,0.053793,0.053823
X25519MLKEM768,8,50,8,26,200,0.000151,0.002767,0.053774,0.053796
X25519MLKEM768,8,50,8,27,200,0.000141,0.002660,0.053679,0.053702
X25519MLKEM768,8,50,8,28,200,0.000141,0.003705,0.054711,0.054749
X25519MLKEM768,8,50,8,29,200,0.000235,0.002905,0.054039,0.054055
X25519MLKEM768,8,50,8,30,200,0.000124,0.002837,0.053722,0.053738
X25519MLKEM768,8,50,8,31,200,0.000133,0.003863,0.054791,0.054812
X25519MLKEM768,8,50,8,32,200,0.000326,0.003884,0.054981,0.055021
X25519MLKEM768,8,50,8,33,200,0.000112,0.003134,0.053946,0.053964
X25519MLKEM768,8,50,8,34,200,0.000128,0.004026,0.054851,0.054868
X25519MLKEM768,8,50,8,35,200,0.000139,0.004264,0.055066,0.055097
X25519MLKEM768,8,50,8,36,200,0.000135,0.003136,0.054188,0.054216
X25519MLKEM768,8,50,8,37,200,0.000121,0.002830,0.054274,0.054315
X25519MLKEM768,8,50,8,38,200,0.000130,0.004798,0.055601,0.055618
X25519MLKEM768,8,50,8,39,200,0.000658,0.003648,0.054620,0.054638
X25519MLKEM768,8,50,8,40,200,0.000128,0.003335,0.054246,0.054264
X25519MLKEM768,8,50,8,41,200,0.000134,0.004155,0.054897,0.054914
X25519MLKEM768,8,50,8,42,200,0.000134,0.004546,0.055605,0.055634
X25519MLKEM768,8,50,8,43,200,0.000540,0.003832,0.054636,0.054655
X25519MLKEM768,8,50,8,44,200,0.000149,0.003678,0.054724,0.054743
X25519MLKEM768,8,50,8,45,200,0.000109,0.002323,0.052928,0.052945
X25519MLKEM768,8,50,8,46,200,0.000111,0.002597,0.053291,0.053309
X25519MLKEM768,8,50,8,47,200,0.001057,0.003648,0.055165,0.055182
X25519MLKEM768,8,50,8,48,200,0.000139,0.002636,0.053917,0.053934
X25519MLKEM768,8,50,8,49,200,0.000155,0.002679,0.053558,0.053582
X25519MLKEM768,8,50,8,50,200,0.000144,0.003136,0.053856,0.053872
